transaction_id,amount,hour_of_day,is_cross_border,merchant_risk_tier,velocity_1h,amount_vs_user_avg,account_age_days,failed_auth_count,device_seen_before,country_risk_score,risk_score,is_fraud
txn_000000,305.62952716585323,21,False,3,5,4.510030827209322,687,5,True,0.323629124580479,0.3,0
txn_000001,295.88346100833365,16,False,5,5,1.0844522408894175,14,8,True,0.43546552507197844,0.44999999999999996,0
txn_000002,346.59979427668446,3,True,3,10,7.4736664432215525,614,0,True,0.8340785720963162,0.5,0
txn_000003,302.9763862090329,13,False,3,14,0.21122933993483634,246,7,True,0.10080719713908526,0.55,1
txn_000004,96.75121431891472,7,False,4,7,0.19529389079696596,511,7,False,0.8927959395898858,0.75,1
txn_000005,339.39473340229654,16,False,2,12,7.495570025652883,794,3,True,0.31119360246894445,0.35,0
txn_000006,434.7143611227585,5,False,4,0,1.8766847652702177,346,6,True,0.619351305936299,0.4,0
txn_000007,10.462090838470264,18,False,5,3,5.626401342747817,276,7,True,0.34101709311920303,0.3,0
txn_000008,412.38809964147777,18,False,1,1,0.3982038040427238,72,2,True,0.6538299638276777,0.2,0
txn_000009,378.5558972062563,1,False,3,12,6.4782304243606665,310,5,True,0.9829449216202212,0.75,1
txn_000010,109.30189177531122,6,True,1,1,4.748625095689756,409,3,True,0.49702364777720665,0.30000000000000004,0
txn_000011,360.925199708651,17,True,1,7,2.5686577765285534,288,3,True,0.9785783948593739,0.6000000000000001,1
txn_000012,140.09461643695826,16,True,1,1,7.779558346377256,407,0,True,0.5387718996617206,0.30000000000000004,0
txn_000013,340.8428136006957,1,True,1,12,0.3824123162803307,855,6,True,0.4201857951899438,0.75,1
txn_000014,310.17047605517945,20,False,3,1,2.070068725167548,807,5,True,0.07296833292568772,0.3,0
txn_000015,4310.523622259732,5,False,2,7,5.029170040614968,41,3,True,0.6252170586528523,0.30000000000000004,0
txn_000016,793.3989501776771,6,True,5,11,3.024168554968294,788,5,False,0.8983222924215075,1.0,1
txn_000017,1298.442435123192,20,True,4,7,6.385096508684034,469,7,True,0.9309799588604633,0.8,1
txn_000018,3272.498601870745,11,False,3,7,1.0923403578103865,1076,6,True,0.49815072025114837,0.4,0
txn_000019,264.25587050902993,18,True,5,5,3.4527307127134326,437,6,True,0.7386505783182308,0.6,1
txn_000020,342.8651660036412,6,False,1,6,7.139336031350385,39,3,True,0.09655047859774513,0.2,0
txn_000021,217.19947849776213,12,False,1,7,5.471830534341016,816,4,False,0.7174344508782536,0.65,1
txn_000022,129.9713798966651,17,False,3,7,2.512910372195955,112,4,False,0.722901007447778,0.65,1
txn_000023,366.89289036351533,20,False,1,5,5.479335439483672,222,4,False,0.7002146588453342,0.5499999999999999,1
txn_000024,91.49273310245036,17,True,2,2,1.982473433939738,776,5,True,0.7704801220691593,0.6,1
txn_000025,213.7097816784598,19,False,5,7,6.898040744040816,123,2,True,0.5806197604823538,0.30000000000000004,0
txn_000026,173.00976339985868,0,True,4,9,1.7906561940736065,812,2,True,0.9768895126196262,0.6000000000000001,1
txn_000027,395.78966035412367,12,False,2,1,2.647317792460346,245,3,True,0.935217810170875,0.30000000000000004,0
txn_000028,298.063989045593,21,True,3,0,5.484055636104538,839,7,True,0.942334494935037,0.7,1
txn_000029,240.83059684521146,8,True,4,13,6.523832783364758,851,4,True,0.49677011312716357,0.75,1
txn_000030,33.79765999905503,20,False,4,9,7.976472256037407,695,0,True,0.6672132917419075,0.2,0
txn_000031,1238.1382915672523,19,False,3,14,0.15703758132937026,1023,3,True,0.820909634070616,0.55,1
txn_000032,276.64925557333737,21,True,3,7,2.3061956965238193,834,4,True,0.9080348763357216,0.8,1
txn_000033,4893.859500728253,8,False,1,4,5.703248892191523,792,1,True,0.08033686656948757,0.0,0
txn_000034,217.15180077323672,20,True,1,5,1.677853412878769,359,1,True,0.6439443631881496,0.30000000000000004,0
txn_000035,3109.8289124079997,23,False,3,14,1.2609872066401113,793,1,False,0.7805205758696064,0.5,0
txn_000036,207.19811783736034,8,True,2,3,7.250117209576401,610,7,True,0.9274228364827622,0.7,1
txn_000037,293.38126032510905,22,True,1,11,2.6070972604420275,837,5,True,0.7693957768408022,0.85,1
txn_000038,303.7199121341051,18,False,1,0,2.710009381204137,441,3,True,0.6015485063797061,0.2,0
txn_000039,188.86239897902328,0,False,4,2,4.772925303866362,99,5,True,0.2430019141287858,0.3,0
txn_000040,34.31606759432749,2,False,1,10,7.158203376472494,368,5,True,0.3095419918620881,0.4,0
txn_000041,130.53637403491456,6,False,2,4,4.408366531855769,1012,1,True,0.5053320333358803,0.1,0
txn_000042,256.2935044380123,23,True,4,8,1.3549362663572508,930,2,True,0.7134127604170095,0.5,0
txn_000043,85.44732357447624,14,False,5,12,0.6721362715994098,836,7,True,0.5538402922287362,0.65,1
txn_000044,87.06403169743268,3,False,3,6,3.640989998654974,1062,4,True,0.8386571544924571,0.6000000000000001,1
txn_000045,420.4872583251016,3,False,1,13,3.8283051894668256,423,1,True,0.34442804621718826,0.25,0
txn_000046,382.1852986178151,5,False,3,6,3.2146400604163876,430,0,True,0.0010222995944479951,0.1,0
txn_000047,149.18962641906046,6,False,2,1,2.2291339076245484,822,4,True,0.16821360233421,0.3,0
txn_000048,235.87630560526793,4,False,3,6,7.542925610015197,744,0,True,0.05208790692715093,0.1,0
txn_000049,315.3422099946189,13,False,3,13,5.739925214260711,156,2,True,0.3554366807245314,0.35,0
txn_000050,350.3891475025092,22,True,1,10,0.919468299885704,904,1,False,0.5336051011223095,0.55,1
txn_000051,400.38724709586046,15,True,3,14,4.124913628966924,279,2,True,0.3461502225502376,0.55,1
txn_000052,40.441627652846904,8,False,1,13,4.151772559825632,720,6,True,0.1215873495335269,0.55,1
txn_000053,170.21903538894225,8,False,1,3,2.6461500398829774,9,4,False,0.22390620191348054,0.6,1
txn_000054,342.6624802212564,5,True,5,13,6.1375404047338025,12,3,False,0.8238774493468202,1.0,1
txn_000055,477.02443178814593,19,False,4,4,2.712000343390382,441,6,True,0.10455445815102427,0.3,0
txn_000056,371.59702892393983,19,False,2,2,5.304410329679212,917,6,True,0.21126373230876794,0.3,0
txn_000057,276.36104454793303,18,False,3,10,6.0248971766018045,27,6,False,0.30976458318518707,0.7000000000000001,1
txn_000058,4812.130275046265,5,False,1,8,4.246052327881455,703,6,True,0.3100404187314143,0.4,0
txn_000059,178.27610190403018,5,True,4,4,2.2452036724806694,555,7,True,0.8561461502862873,0.7,1
txn_000060,195.63525777677194,7,False,1,3,4.285221830528708,938,3,True,0.8956512304019185,0.30000000000000004,0
txn_000061,3995.457221075328,18,False,2,8,4.014889953969846,1037,2,True,0.1838732407209912,0.2,0
txn_000062,37.78527917132286,7,True,2,8,5.324301302066247,562,6,False,0.9740036339300195,0.9500000000000002,1
txn_000063,160.1088418490517,22,False,3,10,7.450772976512979,37,2,False,0.3972073043068972,0.35,0
txn_000064,456.5053535693696,17,True,4,13,2.396876540536324,264,7,False,0.9622915416725868,1.0,1
txn_000065,1437.4712608701789,17,False,5,4,5.491694966523475,244,3,True,0.9321023654572216,0.30000000000000004,0
txn_000066,384.663179666673,10,False,5,0,3.854061983709901,144,1,True,0.07415910577403073,0.0,0
txn_000067,4966.6544417023015,4,False,3,9,6.770968031648686,775,3,True,0.9345580725432818,0.4,0
txn_000068,274.02148995233784,13,False,2,0,7.068180669460819,770,7,True,0.13918780275798703,0.3,0
txn_000069,130.19214588538506,8,False,1,10,5.848905195417177,199,2,True,0.4371242737400124,0.2,0
txn_000070,288.0680801139622,7,True,1,8,7.639333017824076,871,7,True,0.5084931438520153,0.7000000000000001,1
txn_000071,44.89129159520394,17,False,4,5,0.405071184336782,615,4,False,0.967859924081416,0.6499999999999999,1
txn_000072,366.42467398451623,3,True,2,2,1.4094172215687937,830,7,True,0.8327750312273491,0.7,1
txn_000073,56.015882767204744,17,False,3,8,7.527390900078347,178,0,False,0.037556069740189546,0.25,0
txn_000074,105.757067452791,14,False,2,13,2.699711593431253,618,4,False,0.26784492055891385,0.7000000000000001,1
txn_000075,3791.092872998201,0,True,4,6,2.9768072709263835,857,0,True,0.7761518641056229,0.4,0
txn_000076,105.63556136960304,19,True,5,7,4.678926103903443,300,3,False,0.45107607182485965,0.55,1
txn_000077,307.0348333378288,9,False,1,0,5.207627280367787,437,4,True,0.33908761326268,0.3,0
txn_000078,33.45414346399247,20,False,5,0,6.382767653898058,705,4,True,0.4824514703811176,0.3,0
txn_000079,241.50643581829632,21,False,4,2,1.7900768841282735,774,6,True,0.7489176404785196,0.4,0
txn_000080,109.2090956269175,1,False,3,8,5.683445726706886,470,1,True,0.23226572579752525,0.1,0
txn_000081,2790.8748801047823,8,False,5,7,1.132516204611673,318,5,True,0.7636470325232199,0.5,0
txn_000082,182.09633962285915,5,False,3,9,4.802081429152958,835,1,True,0.321240877788587,0.1,0
txn_000083,135.51393373513693,4,False,3,2,1.33161982396558,117,7,True,0.666470196053705,0.4,0
txn_000084,209.91582690009758,19,True,2,5,4.106911100465765,59,4,False,0.5242579279038355,0.75,1
txn_000085,188.06231492174203,20,False,1,14,4.578872274089272,436,7,False,0.4713681101729975,0.7000000000000001,1
txn_000086,1079.6588319334464,19,True,2,1,7.508834935239827,389,2,True,0.6897588690612202,0.4,0
txn_000087,75.87123058950966,14,False,2,7,2.782278461132477,985,7,True,0.08581077170943885,0.4,0
txn_000088,3890.767554982886,13,False,2,9,5.84293556299149,994,1,True,0.24761888719890568,0.1,0
txn_000089,4828.972594400702,12,False,5,2,3.1596002720351066,172,2,True,0.2845406102720561,0.1,0
txn_000090,4349.686796131809,1,False,4,0,2.4917058067227367,330,7,True,0.95583082968299,0.5,0
txn_000091,2921.8746725798133,19,False,4,6,1.3669564578167093,855,7,False,0.15361855350435116,0.55,1
txn_000092,405.3806804806476,17,False,4,1,0.5757408791173665,1074,3,True,0.7167977166993706,0.2,0
txn_000093,169.1638137767918,11,False,4,3,0.9430394939507728,535,1,False,0.23008590842000187,0.15,0
txn_000094,1440.000017216794,6,True,4,9,3.8978532080368087,557,1,True,0.9761961461902238,0.5,0
txn_000095,4215.913059276358,2,False,3,10,2.865563366972128,958,3,True,0.18715219259893,0.2,0
txn_000096,473.45727384677616,0,False,2,9,4.500820868202945,194,1,True,0.744170997182819,0.2,0
txn_000097,2204.823253649851,17,False,4,9,1.209928787400333,849,5,True,0.15875791511208337,0.4,0
txn_000098,4522.138444474838,19,False,2,3,5.571646203058295,789,7,True,0.4002347536376546,0.3,0
txn_000099,453.9877503254537,4,False,3,10,5.542750742352242,783,3,True,0.835692587192692,0.4,0
txn_000100,378.94201496498226,4,True,3,2,7.348391951541608,490,2,True,0.9640593103945954,0.5,0
txn_000101,439.69027661671504,2,False,3,3,2.0013147237777664,178,0,True,0.8749770586241177,0.2,0
txn_000102,4690.69982330602,9,True,2,6,0.43184556260861406,372,0,True,0.696526624185744,0.4,0
txn_000103,239.89136379802534,5,False,4,14,1.608495985115999,723,4,True,0.08562923072853557,0.55,1
txn_000104,140.99147869771167,11,False,3,5,4.6379850157248415,564,7,False,0.7123940284729217,0.5499999999999999,1
txn_000105,359.3838191216574,11,False,1,2,6.020629624677537,352,0,False,0.13214337816986055,0.15,0
txn_000106,303.69581890793984,22,True,2,7,0.9543909725869595,583,0,True,0.7206678674601394,0.4,0
txn_000107,118.49085579866303,20,False,2,10,4.4610557691348145,452,3,True,0.0455501559653525,0.2,0
txn_000108,270.2436170466362,3,False,5,10,0.5832568658109557,686,7,True,0.7184414747355413,0.5,0
txn_000109,453.4154633210895,1,True,1,12,5.959120394862913,814,6,True,0.7901312925813195,0.85,1
txn_000110,4951.999790727239,13,True,1,14,5.8995838948900525,207,4,True,0.5323306025871026,0.85,1
txn_000111,324.39379937006044,9,False,3,8,3.445059330009995,300,4,False,0.4032604212224872,0.55,1
txn_000112,375.58025672071756,14,False,5,11,0.37452564569896374,875,5,True,0.6435544669564192,0.65,1
txn_000113,2347.324881631477,1,True,3,9,5.463138035885713,6,7,True,0.9299882938150579,0.9500000000000001,1
txn_000114,493.12741566590455,5,False,1,13,6.194730511053713,421,6,True,0.46928227812024137,0.55,1
txn_000115,432.57813262361367,6,False,4,10,3.0058745721355558,626,2,False,0.3098397715276783,0.35,0
txn_000116,3482.2509051568,16,True,4,2,6.118261514144124,168,5,True,0.4461221176790404,0.5,0
txn_000117,52.12713028681368,14,False,4,9,4.537282975980421,244,4,True,0.9769710546262609,0.6000000000000001,1
txn_000118,25.085418741765835,18,True,4,5,4.595629286112508,1032,7,False,0.49837838619941566,0.65,1
txn_000119,307.73555218313,11,False,4,4,5.01821454624099,988,5,True,0.7395102331570648,0.4,0
txn_000120,157.9011689212826,17,True,5,4,4.89101642679401,850,5,True,0.4792311404632895,0.5,0
txn_000121,456.6425108019205,21,True,4,1,5.322931635923163,437,7,False,0.3367445287671209,0.65,1
txn_000122,466.5946043001937,2,True,2,9,6.14229835643787,156,7,True,0.8893825177843897,0.8,1
txn_000123,321.8706471895475,9,True,1,6,6.693881322138671,301,2,True,0.6239319586257812,0.5,0
txn_000124,338.7698615113406,5,True,5,8,1.4509857499040044,211,3,True,0.7733040401143754,0.5,0
txn_000125,186.93882390696874,5,False,3,14,7.866335523028703,760,6,True,0.9524512631463853,0.75,1
txn_000126,194.64942489792116,7,True,3,7,2.490716052146921,492,2,True,0.9264374497952661,0.6000000000000001,1
txn_000127,110.188692896812,21,False,5,9,6.128178769728031,455,7,True,0.8667885981502419,0.6000000000000001,1
txn_000128,31.66326452849328,2,False,2,13,1.2641787770237987,302,3,False,0.6337320050576368,0.6,1
txn_000129,36.17274399227882,19,False,4,5,1.8820815588726512,565,4,True,0.22393843330969565,0.3,0
txn_000130,1879.6958443619399,8,True,1,5,1.7910144041967302,334,7,True,0.7515959867550044,0.6,1
txn_000131,154.84357124259046,16,True,5,6,0.9544667826579392,869,7,True,0.8868058819005342,0.8,1
txn_000132,335.52407378651617,20,False,2,0,4.6746729687193564,704,4,True,0.7068728455434385,0.4,0
txn_000133,82.69045283029652,16,False,3,0,1.2082516010249378,317,0,True,0.5658179928594681,0.1,0
txn_000134,97.33421846667589,15,False,4,5,5.780235520644285,212,2,False,0.9463088992083875,0.45,0
txn_000135,96.88251422609599,21,False,2,0,7.718268368866945,591,2,True,0.018872254590605264,0.1,0
txn_000136,393.1967922436103,6,False,2,6,2.9508461556430867,644,6,True,0.7524720150537384,0.5,0
txn_000137,3010.5535046472914,0,False,2,7,7.470404133679928,806,1,True,0.43307450514456514,0.1,0
txn_000138,3849.3667280181476,11,True,4,1,3.46090643462513,273,1,True,0.6886292899005433,0.30000000000000004,0
txn_000139,31.753679834970228,3,False,2,2,4.949777153442516,95,4,True,0.7878647195855439,0.4,0
txn_000140,384.1796386180957,2,True,5,12,7.076751192386918,295,7,True,0.8348026679544999,0.95,1
txn_000141,2699.177757762209,8,False,4,9,1.0450804721769558,836,5,True,0.09876905139875125,0.4,0
txn_000142,159.63692616454722,6,False,3,9,2.3978250875246188,259,6,True,0.2568134810172391,0.4,0
txn_000143,350.4466093134045,22,False,5,3,5.505406816015402,925,4,True,0.32996931394469364,0.3,0
txn_000144,4833.292791088985,0,False,2,3,7.215733899979469,731,5,True,0.223897233305685,0.3,0
txn_000145,247.2644022222974,23,False,1,7,0.23986511607857394,434,4,True,0.27754665929802425,0.4,0
txn_000146,221.0729675972502,13,True,4,11,2.526484606500622,738,4,False,0.3568314509353018,0.9,1
txn_000147,174.82066882301777,16,False,5,6,5.195747542960406,646,7,True,0.8299575091561823,0.6000000000000001,1
txn_000148,413.16286878442236,12,True,5,3,5.836237940118406,614,4,False,0.6034175784722833,0.75,1
txn_000149,275.68015047246433,3,False,4,10,3.2671315083750962,797,1,False,0.2936764133584362,0.25,0
txn_000150,395.6088371347303,9,False,5,2,3.248937335475801,278,7,True,0.9975482216812411,0.5,0
txn_000151,261.90256869084413,14,False,2,13,7.596593412511882,1001,2,True,0.04204479607594469,0.35,0
txn_000152,428.8618259661721,18,False,4,6,3.0676250103947065,285,6,False,0.4032294726807958,0.55,1
txn_000153,403.9711668643742,17,False,2,13,0.9735755778424096,504,6,False,0.200066737617566,0.7000000000000001,1
txn_000154,68.50631461739368,12,True,3,5,2.8874685351506506,754,6,True,0.8829310679168998,0.7,1
txn_000155,406.9339610323215,14,False,4,1,4.941124519875434,133,2,True,0.8651908111063952,0.30000000000000004,0
txn_000156,358.9067215087013,8,False,1,14,1.8597152851622607,639,4,True,0.31688555217227077,0.55,1
txn_000157,175.32248731189554,21,True,3,12,2.8152860278713825,897,3,True,0.888008846002638,0.75,1
txn_000158,364.8628170985463,18,True,3,13,1.2975445040283238,946,5,True,0.8110216892922268,0.95,1
txn_000159,448.3240375978896,4,False,4,13,0.45199738977946047,292,2,True,0.4728044641127247,0.35,0
txn_000160,1824.4478490405616,19,False,3,1,1.2936192760825482,30,6,True,0.9226758285242411,0.5,0
txn_000161,165.9744480660405,1,False,4,10,5.123408765914955,598,6,True,0.38571671276102004,0.4,0
txn_000162,1429.3092421840279,2,True,2,14,2.4175130319525024,703,0,True,0.38088968918543714,0.45,0
txn_000163,382.67347660476224,0,False,2,7,7.294939320631363,759,7,False,0.3196480275876248,0.55,1
txn_000164,310.71896910857174,5,False,2,0,1.0694125070484313,118,7,True,0.7272924772395685,0.4,0
txn_000165,59.08296985629164,6,False,1,11,2.3608713488046584,330,2,True,0.07396318727095597,0.35,0
txn_000166,445.94992541050436,17,True,1,9,3.701802952123395,911,3,False,0.9986114270374542,0.75,1
txn_000167,393.05547081948447,5,False,4,0,5.536099622462338,205,0,True,0.9922485791555753,0.2,0
txn_000168,213.86494351701697,21,False,1,2,4.319403351678337,601,4,True,0.2367980345961188,0.3,0
txn_000169,142.87711499848967,5,True,1,8,2.6978777768510183,549,7,True,0.9195835246353521,0.8,1
txn_000170,92.36438682295788,18,False,3,10,0.8100384127950404,113,6,True,0.34558087334869747,0.4,0
txn_000171,321.6597740146241,3,False,1,1,1.6548128207364263,782,1,True,0.20614616028016408,0.0,0
txn_000172,47.22054061280926,1,False,5,3,1.3979540732245312,596,1,True,0.9739354059881948,0.2,0
txn_000173,412.84821245905044,9,True,3,1,4.023750461264047,181,4,True,0.7960053875454993,0.6,1
txn_000174,325.7541195181142,23,False,3,11,3.560182208374878,934,2,False,0.03830746683966135,0.5,0
txn_000175,447.3457576406285,6,True,1,3,0.38980364261688427,800,3,True,0.9551099043751206,0.5,0
txn_000176,880.8223798404065,1,False,5,6,0.9832229327481036,171,2,True,0.4475089656863399,0.2,0
txn_000177,356.27501089551055,14,False,3,4,6.408106814859844,298,5,True,0.018267981609676687,0.3,0
txn_000178,691.1544498431042,20,False,4,6,2.439048504170058,905,0,True,0.7281044923677423,0.2,0
txn_000179,436.6971081400528,0,False,4,8,6.5638748108266585,657,3,False,0.18289377232919923,0.35,0
txn_000180,437.2945700730047,14,True,2,9,7.977915612020365,145,0,True,0.7670530274154213,0.4,0
txn_000181,2873.3102922652624,23,True,4,5,7.727336690362678,302,6,True,0.8715176989203908,0.7,1
txn_000182,178.0056823684333,19,False,5,3,5.288109381008171,112,6,True,0.8059529683774829,0.5,0
txn_000183,128.69547343714555,13,True,2,13,6.429558211924668,618,1,False,0.5332006643690402,0.7,1
txn_000184,391.4138510330737,17,True,2,0,7.105201696372645,633,7,True,0.6260595314428291,0.6,1
txn_000185,4708.715731618701,15,False,5,9,7.228533845777934,13,8,True,0.35679625565493456,0.55,1
txn_000186,381.483311183454,0,True,5,0,6.335473547954386,610,4,True,0.9869137142182123,0.7,1
txn_000187,315.96821432035233,22,False,1,0,3.4707244468648577,482,0,True,0.6999898345521587,0.1,0
txn_000188,240.93915686068902,13,False,1,0,7.674161468097739,704,0,True,0.3369647878468298,0.0,0
txn_000189,42.843758728386135,3,False,2,10,0.6138630661234109,741,4,True,0.4020084716508614,0.4,0
txn_000190,37872.41657454132,14,True,4,12,4.86613223927265,741,7,True,0.3336016118410905,1.0,1
txn_000191,129.01425594614662,5,True,1,13,7.837422058053037,990,4,False,0.31471736505372155,0.9,1
txn_000192,126.97019512818115,2,False,5,13,3.096460462110281,90,1,True,0.8903987890805519,0.45,0
txn_000193,1345.5047762263134,20,False,4,6,1.4697753186465052,699,4,True,0.1361364403505113,0.4,0
txn_000194,345.1031469886724,10,True,3,4,6.674583689680854,68,5,True,0.9540158041191871,0.7,1
txn_000195,43122.085565139845,22,True,3,4,3.6788165280034892,216,0,True,0.9112707620189247,0.7,1
txn_000196,422.35384916875506,16,False,1,4,5.592703320802541,457,3,True,0.003745094711284813,0.1,0
txn_000197,62.506781494192474,20,False,3,4,3.353123139741278,188,3,True,0.6848036956458562,0.2,0
txn_000198,2326.4948867212643,6,True,2,13,0.6583006210913341,852,6,True,0.7199892310327243,0.85,1
txn_000199,72.40090042418379,9,False,5,14,7.836061401745684,48,0,True,0.2053398793390565,0.25,0
txn_000200,455.87798100357855,1,True,2,14,6.4718447938301855,1004,2,True,0.6676739510082869,0.65,1
txn_000201,350.98529526249877,17,False,1,11,4.396760202291865,155,5,True,0.23826241333993003,0.55,1
txn_000202,1430.7846716460258,1,False,3,10,0.2906489516711734,942,7,True,0.993386112028669,0.6000000000000001,1
txn_000203,123.60412670948348,14,False,3,6,7.20324777871563,948,0,True,0.4035894707651476,0.1,0
txn_000204,120.88910021410493,5,False,5,2,4.671735116768715,51,0,True,0.33139413894263736,0.0,0
txn_000205,1953.6961307837107,17,True,3,6,7.666772658124747,663,3,True,0.6619495864798933,0.5,0
txn_000206,25.863934864459964,16,False,2,7,0.6872138915932833,509,3,True,0.5661859843173752,0.30000000000000004,0
txn_000207,279.1331229751682,8,False,3,4,2.6649637550686287,197,0,True,0.8999514039064263,0.2,0
txn_000208,181.59280880811372,17,True,1,13,6.3981926426801214,591,3,True,0.8496753074011247,0.75,1
txn_000209,39797.43002000668,3,True,1,1,0.7052965300442245,219,1,True,0.7599971583309685,0.6,1
txn_000210,487.23088595089604,23,False,4,13,4.6762158536440745,56,5,True,0.2725311690402068,0.55,1
txn_000211,65.64172648331197,5,False,4,9,6.455807506370679,1091,0,True,0.9608555767847797,0.30000000000000004,0
txn_000212,95.83568321504869,0,False,1,9,7.664465099705689,584,0,True,0.690206665020802,0.2,0
txn_000213,462.40838369454093,14,False,3,7,2.4262663808451657,194,6,True,0.8385349076537366,0.6000000000000001,1
txn_000214,207.48738957799574,6,False,4,13,2.8161976809441445,272,7,True,0.4465993013486268,0.55,1
txn_000215,61.1298405295247,6,False,1,9,1.5501496350838826,499,1,True,0.484778060090447,0.1,0
txn_000216,146.18178527698595,21,False,2,4,0.6741890311424065,787,0,True,0.6140436069725635,0.1,0
txn_000217,222.5543570816126,6,True,1,5,4.751476780523814,516,5,False,0.847216167760015,0.8500000000000001,1
txn_000218,27615.51395552289,12,False,4,4,0.6399785473194732,855,4,False,0.8939522605525471,0.95,1
txn_000219,259.4110699330017,2,False,1,9,3.5986769982365354,562,1,True,0.10157454423538137,0.1,0
txn_000220,46.88339809176589,5,True,3,0,3.9354175402103935,904,3,True,0.5502955231831296,0.4,0
txn_000221,488.82199217488494,3,False,1,12,0.3599694315496761,324,5,True,0.5295882026382897,0.65,1
txn_000222,29.18376669576821,6,True,1,8,0.8156243246142039,824,5,True,0.6167241127000735,0.7000000000000001,1
txn_000223,328.7866434566005,0,False,5,13,6.400162923932836,278,5,True,0.9567276279144629,0.75,1
txn_000224,495.21656320278595,16,False,2,2,0.8881277319012549,948,4,True,0.039390162889686664,0.3,0
txn_000225,309.21494795160595,7,False,2,9,6.718283818267681,95,3,True,0.0780318706538553,0.2,0
txn_000226,3280.7050498008216,23,False,3,1,7.919953123899358,988,6,True,0.597884936362599,0.4,0
txn_000227,176.10171377570367,13,True,3,9,3.34166699525259,746,1,True,0.8912294410314674,0.5,0
txn_000228,56.877668109824214,23,True,3,13,2.8215646556254477,379,5,False,0.653581702929472,1.0,1
txn_000229,3738.487665185202,7,False,5,14,0.19786774303967106,74,4,False,0.8939876737572474,0.9000000000000001,1
txn_000230,536.9031924244052,22,True,4,13,4.668630272817585,97,3,True,0.42476409628852557,0.55,1
txn_000231,417.1102530679849,23,False,3,14,7.7889131979039234,24,5,False,0.945366372629387,1.0,1
txn_000232,3426.3822078826524,4,True,1,1,5.283582744575006,97,2,True,0.6759845238007179,0.4,0
txn_000233,407.4665681778778,9,True,2,13,3.5104098205633703,404,3,True,0.6481668010864934,0.65,1
txn_000234,407.6580331040191,8,True,3,4,6.810875802734564,452,0,True,0.9353959541837006,0.4,0
txn_000235,3312.1231798373574,14,False,2,8,4.05596667045379,728,7,True,0.7557099224923928,0.5,0
txn_000236,479.6729747512768,7,False,3,10,1.0476540412107163,711,7,True,0.6001239399394965,0.5,0
txn_000237,272.40768252084376,1,False,1,2,5.137248836075486,315,1,True,0.1897867774345764,0.0,0
txn_000238,292.51634207707735,18,False,5,3,5.2739291046998735,943,3,True,0.9720420941766236,0.30000000000000004,0
txn_000239,59.55134220901255,10,False,1,0,5.555254609112968,701,0,True,0.9356883775476258,0.2,0
txn_000240,139.8947869444505,5,False,5,11,4.789493925788423,1018,5,True,0.9859719439503437,0.75,1
txn_000241,444.4000286455322,9,True,4,14,3.9184989941653017,242,5,True,0.8328490415914426,0.95,1
txn_000242,1045.1235823200568,0,False,5,6,3.4160011018538268,1060,6,True,0.5675357864563202,0.5,0
txn_000243,284.28166153535244,3,True,2,13,2.3822096650563913,927,5,True,0.7163433503535844,0.85,1
txn_000244,170.08751534038754,11,False,1,13,5.473685630375977,797,6,True,0.6815145354423379,0.65,1
txn_000245,114.1853629134634,14,True,2,6,6.8395799743405865,130,3,True,0.6992445996061327,0.5,0
txn_000246,421.60416447275946,4,False,4,13,2.7537193763428474,758,7,True,0.9921717144484095,0.75,1
txn_000247,275.6272895071762,14,False,3,13,0.2306616493900252,325,6,True,0.9370096995121437,0.75,1
txn_000248,239.42662208310486,5,True,3,9,2.63868321594028,933,0,True,0.9921863429460653,0.5,0
txn_000249,44.986588532584406,20,False,4,0,0.5308633193336906,763,4,True,0.9155008762454153,0.5,0
txn_000250,19591.591415736337,22,True,5,8,2.7312790388182386,219,7,True,0.675955678558313,0.9999999999999999,1
txn_000251,4501.519671485397,4,False,4,5,2.12825865059824,293,4,True,0.6798728739471749,0.4,0
txn_000252,431.9538190919428,7,False,5,2,1.0060456107049933,980,6,True,0.6349896615964503,0.4,0
txn_000253,394.6951799232453,18,False,5,6,5.457642418253637,387,2,True,0.7791041873386466,0.30000000000000004,0
txn_000254,39.16783646719301,14,True,1,10,6.510119271335184,1024,7,True,0.594473854912619,0.7000000000000001,1
txn_000255,275.404338838196,18,True,3,6,0.7751877317511023,767,3,False,0.9068963916338277,0.75,1
txn_000256,384.8810813691264,23,False,5,7,3.968189273370227,159,4,True,0.625556439722489,0.5,0
txn_000257,144.83527318226575,5,False,4,0,2.2912689253330814,1027,5,True,0.12655634299423824,0.3,0
txn_000258,269.86305047412077,16,False,4,10,2.2330394720736106,598,0,True,0.9863629016968811,0.30000000000000004,0
txn_000259,414.9433151359521,20,True,1,11,5.909770801505324,265,3,True,0.41965384267101047,0.55,1
txn_000260,244.7216284884952,4,False,3,7,2.644054427206348,84,3,True,0.16485674094655012,0.2,0
txn_000261,422.9205226691531,23,False,1,8,3.2918366075948335,770,3,True,0.9919266183081108,0.4,0
txn_000262,211.4099824815596,23,True,5,7,4.70532829997971,492,0,True,0.9593125351030769,0.5,0
txn_000263,4658.975430095957,9,True,2,2,5.779026175782105,167,7,True,0.9522480952933772,0.7,1
txn_000264,432.5266163173207,9,False,5,3,0.8447802254015948,441,4,False,0.6598133202880598,0.5499999999999999,1
txn_000265,384.02095781826364,20,True,5,2,6.007435442349595,583,6,True,0.9449783116001373,0.7,1
txn_000266,94.73202383735799,13,True,4,2,1.8981235712700026,1002,5,True,0.695639258043137,0.6,1
txn_000267,78.47292318653362,7,False,3,2,3.9571049225241017,75,1,True,0.7216296360047,0.1,0
txn_000268,439.7433629182022,17,False,3,10,4.918160559187465,576,5,True,0.6404106368265342,0.5,0
txn_000269,55.286339222057535,21,True,3,12,5.975762044250998,896,1,False,0.6130139610519718,0.7,1
txn_000270,25.474695951746103,2,False,2,1,1.8481441207281646,344,2,True,0.5596150057650762,0.2,0
txn_000271,482.24983928154194,1,False,2,14,4.750284990756887,931,4,True,0.666426614148913,0.65,1
txn_000272,249.0944755359618,16,False,2,13,0.82134013286747,967,5,True,0.11070568880651088,0.55,1
txn_000273,4108.758440202813,4,False,1,4,3.0491917102909336,285,7,True,0.36334723346484443,0.3,0
txn_000274,156.3365466575034,4,False,4,4,4.411053826660293,524,3,False,0.2990643096088431,0.25,0
txn_000275,3258.6766541257357,21,False,3,12,3.4131797199502762,758,1,False,0.7623187616939758,0.5,0
txn_000276,343.2299038703499,14,False,4,4,4.387339853327496,399,0,True,0.9840181501963605,0.2,0
txn_000277,186.02325890464428,5,False,5,5,7.6477719014941625,973,2,True,0.27550801993199525,0.1,0
txn_000278,193.6669790978897,0,True,5,13,0.51731469142468,696,5,False,0.5265639467250601,1.0,1
txn_000279,302.36482439691594,7,False,4,0,4.107192035913226,292,6,True,0.9614313123833371,0.5,0
txn_000280,261.215137190472,21,False,1,13,4.928593216470757,553,6,True,0.764563718057102,0.65,1
txn_000281,193.99364824759428,22,False,3,5,5.040315572905765,556,3,True,0.9188520512589097,0.30000000000000004,0
txn_000282,104.2481466727605,9,True,3,8,7.77227780060567,179,7,True,0.9567968245086307,0.8,1
txn_000283,273.4267962959424,0,False,4,0,4.267364707119504,575,5,True,0.8003248594064892,0.5,0
txn_000284,239.35207560885328,22,False,5,7,7.783369499509859,627,2,True,0.7789885058996087,0.30000000000000004,0
txn_000285,97.56599925697833,2,False,3,13,0.5881711048461641,673,1,False,0.5269630658254916,0.5,0
txn_000286,454.5601992792607,16,False,2,3,4.062471334261004,366,0,True,0.9627405860568448,0.2,0
txn_000287,141.47977379252592,8,False,3,1,5.313401932546573,311,3,False,0.37504069824021,0.25,0
txn_000288,437.21942639543875,2,False,2,4,7.101736383536058,718,6,True,0.9086107377996053,0.5,0
txn_000289,450.71914286518495,9,False,4,8,4.636406053188533,649,1,True,0.7646625552292448,0.2,0
txn_000290,421.0345477603935,18,False,5,14,5.200272491472556,846,4,False,0.4285638378056973,0.7000000000000001,1
txn_000291,225.86295758045534,19,True,4,7,4.563499772337134,735,3,True,0.802405578320444,0.6000000000000001,1
txn_000292,37.74133683601447,9,False,4,8,5.420024321950278,921,5,True,0.11048382006601865,0.4,0
txn_000293,3087.777014673657,7,True,4,5,6.8104359286936305,533,3,True,0.7946860662397601,0.4,0
txn_000294,2040.9476377206954,8,False,5,7,0.49342223486557646,404,5,True,0.5893809380091738,0.5,0
txn_000295,485.79253998342455,6,True,1,8,7.417091432648693,398,7,True,0.9822645613556963,0.8,1
txn_000296,27.22874951143295,2,True,2,2,4.140745476749784,488,5,True,0.9614129493373809,0.7,1
txn_000297,237.4262417273787,11,False,3,5,0.6920577003181249,99,0,True,0.9402341928728895,0.2,0
txn_000298,435.13324443267487,12,False,1,6,4.965647395965952,404,1,True,0.23663674063352658,0.1,0
txn_000299,3279.287216992799,15,True,5,4,5.9414015179603386,269,3,False,0.9721443450305312,0.6500000000000001,1
txn_000300,130.79299896076037,4,False,2,1,7.631009931293691,622,3,True,0.0035108509106506203,0.1,0
txn_000301,108.417095865047,1,True,2,4,2.9445173990507536,934,6,True,0.7717611143511163,0.6,1
txn_000302,227.63065908785862,0,False,3,3,7.8092314268143515,392,7,True,0.644716837814743,0.4,0
txn_000303,284.65587059859405,9,False,5,9,7.392377971991492,488,2,True,0.1403227749635949,0.2,0
txn_000304,355.45981708571776,6,True,5,8,3.400792637413245,191,4,True,0.9739355741044274,0.8,1
txn_000305,308.8909314790911,10,False,5,4,3.289490732428949,856,1,True,0.9505503719437564,0.2,0
txn_000306,410.31454073268935,9,False,4,6,2.256081647508621,147,1,True,0.7018624268242158,0.2,0
txn_000307,12.009710710781867,2,True,4,5,4.811925366300873,732,5,True,0.374414074919066,0.5,0
txn_000308,12385.149781810564,7,True,5,2,2.8818940201259244,950,4,True,0.7125779432472608,0.9,1
txn_000309,12813.76906814354,0,True,2,2,0.7933795537646288,138,4,True,0.7793981354252411,0.9,1
txn_000310,3615.512742093755,14,False,1,13,0.27653962857217296,140,6,False,0.3766398517971957,0.7000000000000001,1
txn_000311,23.31527778402151,4,False,4,5,2.8916187303798333,107,4,True,0.4725306353109008,0.3,0
txn_000312,477.786389551332,14,False,2,9,4.924913110139045,599,7,True,0.2628142745529417,0.4,0
txn_000313,10.917644520392606,5,True,2,10,1.5182735106999674,248,5,False,0.6763539247913755,0.8500000000000001,1
txn_000314,276.30983427723055,16,False,5,14,3.2257923213608968,1037,1,True,0.43423669661139574,0.25,0
txn_000315,422.4289663675318,23,False,3,2,4.472345628206988,44,5,True,0.04593003222908998,0.3,0
txn_000316,101.70106541649082,4,False,1,2,3.215318731544706,654,6,True,0.30572299930322944,0.3,0
txn_000317,204.4938775056688,5,True,4,14,4.114442721825165,643,2,True,0.6563795847422154,0.65,1
txn_000318,414.21985511052475,14,False,4,5,6.7386562819465565,567,5,False,0.6751438544438484,0.5499999999999999,1
txn_000319,102.98414349154532,11,True,2,4,1.757092268589547,809,2,False,0.761541548076109,0.55,1
txn_000320,436.7079844298216,8,False,3,0,3.3537213765529685,554,3,True,0.8500398549931936,0.30000000000000004,0
txn_000321,81.3844383913905,8,True,2,7,5.208197171030418,740,1,True,0.9379109534243434,0.5,0
txn_000322,175.84723810849692,1,False,3,6,2.755019263163681,112,7,True,0.4836804457578665,0.4,0
txn_000323,226.2664385559545,10,True,4,14,0.8491604668684007,952,6,True,0.7467704446194291,0.85,1
txn_000324,361.2732460426659,5,False,3,10,5.935355939646323,652,5,False,0.16789269180501332,0.55,1
txn_000325,94.50140153946805,23,False,3,6,7.46521489368455,818,3,True,0.901471583947655,0.4,0
txn_000326,182.9101456827381,19,True,5,13,5.785275078897102,397,7,True,0.7474929558814,0.85,1
txn_000327,3371.6977946907386,13,False,5,7,7.772628440690178,632,7,True,0.5701032915473028,0.5,0
txn_000328,342.2175684038585,16,False,4,3,1.499831118623901,318,3,True,0.6788463850288614,0.2,0
txn_000329,66.50632628655966,0,False,3,1,1.096316958882603,441,4,True,0.6833886331434175,0.4,0
txn_000330,340.1436491309969,3,False,3,10,2.438341738637339,872,5,True,0.6795073249283824,0.5,0
txn_000331,28.946125305318862,0,False,2,12,6.865355375896939,861,0,True,0.35655622368835627,0.25,0
txn_000332,1887.8948997290602,7,False,3,12,4.365590995048937,1073,7,True,0.6669695295482063,0.65,1
txn_000333,467.6893118413982,20,False,1,13,0.3808598326375352,96,1,True,0.3814410821056089,0.25,0
txn_000334,192.44553100883672,3,False,5,5,0.12059896080180652,733,1,True,0.017565455703966948,0.0,0
txn_000335,234.37560941271053,14,False,2,5,5.112179804069264,64,1,True,0.7332048049529766,0.1,0
txn_000336,228.5229824981588,12,False,2,10,5.280223349280736,450,1,True,0.40451924675062545,0.1,0
txn_000337,469.633782408589,11,True,2,3,3.900430807695042,906,3,False,0.7808142917551291,0.55,1
txn_000338,287.09535836419576,1,False,4,2,6.738855892544018,750,3,True,0.14081186209299945,0.1,0
txn_000339,849.496378002591,4,False,3,4,7.4744350563857065,1090,2,True,0.8697592495676884,0.30000000000000004,0
txn_000340,179.78258095664424,1,True,1,9,0.9524551660615116,975,4,True,0.44160155931077655,0.6000000000000001,1
txn_000341,250.90690755462236,21,False,1,12,3.087557334178157,958,7,True,0.6258866443304841,0.65,1
txn_000342,4098.832896707776,11,False,4,11,7.157398970438105,160,4,True,0.8328430928668374,0.75,1
txn_000343,64.978669715165,19,True,3,2,1.541999252968524,239,5,True,0.44586964227951625,0.5,0
txn_000344,35.476781391537145,1,False,3,12,7.9973901806719665,792,0,True,0.09193793592083765,0.25,0
txn_000345,220.19529055157855,2,False,3,1,6.934679744693834,67,7,True,0.21527277328967143,0.3,0
txn_000346,128.1055515727694,18,False,5,1,2.1977312843487207,245,6,True,0.3758839547956738,0.3,0
txn_000347,2168.6188889518135,2,True,1,7,0.35552777455929085,160,1,True,0.9510983873713168,0.5,0
txn_000348,167.020465883633,5,False,3,10,6.0058396248274715,98,7,False,0.25734198818953224,0.55,1
txn_000349,211.5596619519352,18,False,2,12,4.510384542790935,576,3,True,0.991151645148187,0.55,1
txn_000350,74.26654974297678,9,False,5,0,3.0613329550947563,506,0,True,0.053776905333052016,0.0,0
txn_000351,4489.801925073762,19,False,1,2,7.20915512369886,898,7,True,0.7041547507888738,0.4,0
txn_000352,449.4462319719465,22,True,4,12,4.991139251873652,888,1,True,0.7207537593044748,0.55,1
txn_000353,208.2811547732866,6,False,4,5,6.818578050491944,826,7,True,0.9335243127166306,0.5,0
txn_000354,273.5405333431608,11,False,3,4,7.752437013859227,692,7,False,0.42328848841983635,0.44999999999999996,0
txn_000355,154.73473188190187,0,False,1,8,1.361178655739946,23,6,True,0.42200525084572305,0.55,1
txn_000356,2556.0254974209256,21,False,3,3,2.9387480751593515,861,5,True,0.11290321106061574,0.3,0
txn_000357,3845.7911846473535,12,False,3,13,1.9045058089722933,443,7,True,0.7461904833173043,0.65,1
txn_000358,29006.588672119913,0,True,1,5,0.2405026159736191,123,1,False,0.7265185343348024,0.75,1
txn_000359,437.4148460415642,7,True,3,5,1.2342619612439025,432,6,True,0.8479241622784109,0.7,1
txn_000360,310.29912716700625,4,False,5,14,3.687089837314708,1039,2,True,0.18526817569773468,0.35,0
txn_000361,175.40305424462048,18,False,4,4,0.11120393905793213,984,3,True,0.7233586117188129,0.2,0
txn_000362,166.35898198605926,10,True,5,3,5.533406980809304,458,2,True,0.3505919190288399,0.30000000000000004,0
txn_000363,381.4079207955269,6,True,3,13,2.3637244485751547,86,5,True,0.6223132974558777,0.85,1
txn_000364,3638.627743891101,1,False,2,12,6.336563350642094,535,1,True,0.9838459228475457,0.45,0
txn_000365,399.23264133136087,0,True,2,1,0.7767471329710859,382,0,True,0.8291113515362256,0.4,0
txn_000366,433.9328874901968,10,False,2,14,7.133482245733144,585,6,True,0.4129920601928876,0.55,1
txn_000367,394.81252865800417,12,False,3,5,2.604409819092125,891,3,True,0.08466981427528941,0.1,0
txn_000368,376.5740181683684,15,False,4,3,4.134288279248881,480,6,True,0.7207522182776344,0.4,0
txn_000369,58.83419064216588,13,False,3,1,5.819669458076276,301,5,False,0.8278703795061738,0.6499999999999999,1
txn_000370,394.76859062631553,4,False,2,5,7.943234251818755,397,7,True,0.3257370224504327,0.3,0
txn_000371,341.4308890101329,5,True,2,9,4.640569956177694,188,0,True,0.8734897197005187,0.5,0
txn_000372,469.472640435105,1,False,2,5,6.9008739760819084,296,5,True,0.1907172530047453,0.3,0
txn_000373,408.9633402076053,9,True,1,10,2.1792207830227057,1041,7,True,0.7906595260456108,0.7000000000000001,1
txn_000374,2098.0994689210584,17,False,1,0,5.702078342440309,997,2,True,0.6934258420162734,0.2,0
txn_000375,133.88855375092902,19,False,4,12,7.72257565389444,1012,5,False,0.8085132732604108,0.9000000000000001,1
txn_000376,4846.563463396149,14,False,1,9,7.129086738287915,565,7,True,0.12325561995088175,0.4,0
txn_000377,1906.2745564334111,8,False,2,11,1.0659555364986608,691,4,False,0.842447490807708,0.9000000000000001,1
txn_000378,322.8436598713444,15,False,2,11,1.226515341442387,412,6,True,0.8168200264638685,0.75,1
txn_000379,284.05424994619716,13,False,2,6,7.707509944679437,473,7,True,0.7374894844599194,0.5,0
txn_000380,260.93088917726163,16,False,3,6,1.135014980025554,58,7,True,0.5311446325646638,0.5,0
txn_000381,78.4881139358123,22,True,1,4,4.846655164340721,916,0,True,0.6575634210242833,0.30000000000000004,0
txn_000382,4611.810537994739,9,False,5,12,6.410118276720806,1082,2,True,0.46006623895795096,0.35,0
txn_000383,161.5354941319099,0,False,3,12,0.6263144902029454,1,3,True,0.672225380547175,0.6,1
txn_000384,2597.8560356999023,22,False,2,5,1.2663241162340833,273,5,True,0.017797996720949283,0.3,0
txn_000385,133.95064228423823,15,False,1,2,4.814237015961273,954,7,True,0.16007565896870157,0.3,0
txn_000386,265.2824258291163,23,False,4,9,3.078246559396416,258,0,True,0.8561302203530459,0.30000000000000004,0
txn_000387,425.8808005994442,21,True,4,0,3.840963210501235,401,5,True,0.9341464150461124,0.7,1
txn_000388,178.2709557620088,14,True,2,5,1.561068163972683,543,4,True,0.7446314438540483,0.6,1
txn_000389,113.13658978340278,1,False,2,2,2.761619309072538,832,0,True,0.9172215451421782,0.2,0
txn_000390,129.21840940885554,1,True,5,13,1.985957614098046,590,4,True,0.672679081058839,0.85,1
txn_000391,38902.465171392614,0,True,5,7,5.687438734961196,41,2,True,0.6465972838024704,0.7999999999999999,1
txn_000392,467.4159195841931,7,False,1,9,7.715232060567468,581,1,True,0.5452357183255744,0.2,0
txn_000393,448.87791419256763,8,False,2,5,4.906235312850551,590,6,True,0.3967509257996017,0.3,0
txn_000394,420.16647845135634,1,False,3,6,2.342384571934479,718,0,True,0.07748729013574951,0.1,0
txn_000395,102.78038457863073,3,True,3,3,7.333961665407937,10,8,True,0.3626348680876922,0.65,1
txn_000396,248.60094948723165,0,False,5,8,6.419590371509821,661,4,False,0.2543400875776042,0.55,1
txn_000397,140.08188024884797,8,False,3,6,7.6226745547843775,538,5,True,0.5749706273967218,0.5,0
txn_000398,300.1115107999092,5,False,5,9,5.293405012007839,542,2,True,0.4894491986855394,0.2,0
txn_000399,47.98367779856303,15,False,1,11,6.920426325732179,101,0,True,0.15280580931828325,0.25,0
txn_000400,46.07294815150402,2,False,5,5,1.6144242421769122,535,4,True,0.6534319241743621,0.4,0
txn_000401,339.59788232186185,0,True,5,13,3.986329022613918,126,0,True,0.984685553915239,0.65,1
txn_000402,2631.6100953081523,7,False,2,7,1.5364332703050971,449,5,True,0.27525786444431644,0.4,0
txn_000403,501.0830138430602,16,False,4,8,1.0538329864009932,658,3,True,0.6286355465697024,0.30000000000000004,0
txn_000404,485.380587616802,9,True,5,12,2.3246448208584862,401,5,True,0.9566005677673076,0.95,1
txn_000405,484.7618413858786,11,False,3,11,5.645393157745992,898,5,True,0.8269239089668611,0.75,1
txn_000406,178.46832278119382,3,True,5,1,2.0698832561629454,683,2,True,0.8294466397616644,0.5,0
txn_000407,275.59733889799793,16,True,5,5,0.664239891620144,651,4,True,0.38812858357920754,0.5,0
txn_000408,262.58760559977327,3,False,2,8,1.000299652729403,900,5,True,0.41483067188895395,0.4,0
txn_000409,238.9153253426988,12,False,4,2,2.8604583902809257,978,5,True,0.46924494587053966,0.3,0
txn_000410,321.8105813808577,18,True,2,7,1.3374100314050983,211,0,True,0.8387313241483401,0.5,0
txn_000411,421.84132912371604,14,False,2,14,0.22177817174242068,372,7,True,0.6828276445685459,0.65,1
txn_000412,4752.000617967291,9,False,5,7,6.21595485018114,420,6,True,0.8163977263615706,0.6000000000000001,1
txn_000413,1937.2285257515832,20,True,1,6,0.8443567921053083,615,6,True,0.9508607604154058,0.8,1
txn_000414,1078.556476348324,3,False,3,10,0.6497755944308409,868,5,True,0.5423939642683995,0.5,0
txn_000415,81.99228327929711,11,False,2,13,5.177465522489908,580,2,False,0.9260074176032507,0.7,1
txn_000416,35.26188790046314,10,True,1,11,7.165586980219792,358,5,True,0.900431270464978,0.95,1
txn_000417,211.24760399263573,16,False,3,6,4.361531408354694,546,1,True,0.7047869868402653,0.2,0
txn_000418,292.07408417313906,4,False,1,5,4.703518340876268,932,1,False,0.8831142870743197,0.35,0
txn_000419,2450.151269135757,2,True,4,9,5.443536193300543,1086,6,True,0.9233858041386258,0.8,1
txn_000420,271.5504329301684,11,False,4,5,6.416801131542138,906,1,False,0.09553560936164496,0.15,0
txn_000421,362.218990680177,18,True,3,6,0.580171232172287,179,0,True,0.5956463108905141,0.4,0
txn_000422,185.49196453682964,0,False,3,14,3.9632373047380947,760,1,True,0.8932065885508419,0.45,0
txn_000423,347.7766566599762,12,False,2,7,4.349339555581593,335,0,False,0.7038526851328458,0.35,0
txn_000424,1561.6404971302265,22,True,3,9,4.315721486772636,1091,0,True,0.5995903205488138,0.4,0
txn_000425,221.2881893578892,1,False,5,7,6.460254470730307,822,1,False,0.6784686165046233,0.35,0
txn_000426,2863.482132339053,7,True,4,2,0.4858488242338771,74,7,True,0.971025985031094,0.7,1
txn_000427,422.18508737968494,16,False,2,10,5.338125523515353,633,0,True,0.9615789710389159,0.30000000000000004,0
txn_000428,493.92192951150764,5,False,4,6,1.2310011914428756,740,7,True,0.720670323249132,0.5,0
txn_000429,424.1911729298635,15,True,3,2,0.845069946555706,306,3,True,0.32819688071639,0.30000000000000004,0
txn_000430,2857.293854315802,9,True,1,6,7.9151242850589645,995,6,False,0.7945707426122337,0.8500000000000001,1
txn_000431,266.3572248213553,12,False,3,10,2.506181581989267,201,5,False,0.5861203488054969,0.65,1
txn_000432,83.07620284529352,23,False,3,8,5.196153266537611,3,6,True,0.8088230999827948,0.7500000000000001,1
txn_000433,15.148919068798023,19,False,3,11,7.421031477931409,973,3,True,0.05205239836730713,0.35,0
txn_000434,220.61067208927716,16,False,4,9,2.1708352985188837,210,7,True,0.8061118176584049,0.6000000000000001,1
txn_000435,281.74452905245596,11,True,5,6,3.60212366762095,1075,7,True,0.9784694913206264,0.8,1
txn_000436,476.0344329878674,13,True,2,13,5.102939757753536,61,3,True,0.6826159844480713,0.65,1
txn_000437,497.96965029729955,21,False,3,13,7.36349384441142,754,2,True,0.4421037462077789,0.35,0
txn_000438,176.75552810611381,17,False,4,14,6.7074893762618135,170,4,True,0.9854560710046784,0.75,1
txn_000439,12568.585299271459,14,True,5,0,3.8383987363530303,268,4,True,0.6020536729270451,0.9,1
txn_000440,776.9419110945329,17,False,5,4,2.5645751852161243,875,5,True,0.8890962427162395,0.5,0
txn_000441,4380.132327361192,2,False,2,2,7.789695646623426,700,7,False,0.5605316054954964,0.5499999999999999,1
txn_000442,339.4140234288436,4,False,5,8,6.698216358809274,549,7,True,0.3554616402556453,0.4,0
txn_000443,129.77532852612967,8,False,1,9,7.588328307254826,484,7,True,0.7515804152828379,0.5,0
txn_000444,17.329417350783395,0,False,1,4,3.800435405692434,531,0,True,0.9341553437930064,0.2,0
txn_000445,60.68323165789352,17,False,4,1,1.844516835434747,628,4,True,0.9419105448514798,0.5,0
txn_000446,2732.134524140949,21,False,3,12,3.7782044882196018,779,2,True,0.4403591974261951,0.35,0
txn_000447,323.9130714468601,0,False,1,1,1.9123547307533901,896,4,True,0.919558862813285,0.5,0
txn_000448,146.30804158706832,15,False,2,2,4.246530022244101,1070,2,True,0.6541683119919323,0.2,0
txn_000449,71.94885130596374,12,False,4,9,4.608808466911512,44,5,True,0.11571239426352209,0.4,0
txn_000450,234.61847598495905,23,True,2,8,2.8434901555225327,210,3,True,0.5988206869964161,0.5,0
txn_000451,385.1391312576195,15,False,4,5,1.2324662170243994,480,0,True,0.2196746779947074,0.0,0
txn_000452,30.810746139321555,10,False,5,5,7.045575282752823,224,5,True,0.5909866849681349,0.4,0
txn_000453,369.5933521570512,12,False,4,10,3.9294567234575672,917,0,True,0.9909174747945123,0.30000000000000004,0
txn_000454,134.2393902066355,15,True,1,10,3.4500122631944894,768,7,True,0.9642201998380311,0.8,1
txn_000455,14.323068575867168,10,False,4,11,4.333894345719663,1007,2,False,0.06665179712804081,0.5,0
txn_000456,3144.0038089364534,12,False,5,1,4.177384215199645,190,0,True,0.655948710838392,0.1,0
txn_000457,440.84359417962554,14,True,5,4,4.860800078156515,128,4,True,0.7894699146718316,0.6,1
txn_000458,270.795075361582,1,False,2,5,2.740680660755753,421,6,True,0.8223635138124306,0.5,0
txn_000459,117.03474004445337,14,True,4,7,5.812817301640593,334,7,True,0.6389771393610151,0.7000000000000001,1
txn_000460,158.14844330111436,2,False,5,6,1.1831151857871964,929,7,False,0.8582797228559551,0.75,1
txn_000461,439.07468571566164,3,False,2,1,0.3899930641565643,314,6,True,0.40512607333686,0.3,0
txn_000462,600.1265836684893,0,False,2,13,7.468584936320857,406,3,True,0.7868411345141675,0.44999999999999996,0
txn_000463,2264.6296630226743,11,False,5,7,2.2280115071012823,356,6,True,0.9218536737859097,0.6000000000000001,1
txn_000464,290.71443457815417,13,False,5,0,4.097442144658807,1086,3,True,0.2689043045614814,0.1,0
txn_000465,210.2422642828197,12,False,5,9,4.315458972050879,302,4,False,0.8945212435499349,0.75,1
txn_000466,178.28769881406484,15,False,2,8,7.332582156861903,797,3,True,0.5203463368715742,0.30000000000000004,0
txn_000467,4861.985564082472,20,True,2,8,4.377332365217774,136,7,False,0.8688707955393863,0.9500000000000002,1
txn_000468,4126.575411585059,9,True,3,7,7.371649629717084,808,7,True,0.6687620431991556,0.7000000000000001,1
txn_000469,225.5121615382897,5,True,5,9,5.817596444721506,919,4,True,0.8841944712283692,0.8,1
txn_000470,463.8514506008567,6,False,5,4,0.615515994087547,613,5,False,0.4099109881684718,0.44999999999999996,0
txn_000471,1693.170509976548,16,False,4,12,7.177093945852281,1048,7,True,0.774849846534099,0.65,1
txn_000472,273.6902807399126,10,False,3,8,2.970336877138488,1087,3,True,0.21068791703030143,0.2,0
txn_000473,1340.0776666144252,22,False,1,4,6.493321988534323,961,2,True,0.07117679886367678,0.1,0
txn_000474,152.24576669157685,4,True,4,5,3.937694503406336,979,6,True,0.6103001902554677,0.6,1
txn_000475,187.74095750651696,18,True,4,11,6.614464340436658,652,7,True,0.8237344130385529,0.95,1
txn_000476,247.58702255260772,21,False,5,4,3.6708654750979415,514,4,False,0.42770117081923853,0.44999999999999996,0
txn_000477,261.2460995069946,2,True,3,7,5.35789547143108,880,3,True,0.778312556822815,0.5,0
txn_000478,1469.6852987434313,14,True,1,2,5.654794491971098,41,7,True,0.8618281308246027,0.7,1
txn_000479,298.08752918678965,16,True,5,4,5.552665135925796,748,7,True,0.41469015416578636,0.5,0
txn_000480,105.17413555083503,20,True,4,10,7.081692373874059,808,2,False,0.4132226774917712,0.55,1
txn_000481,302.2162815274903,20,False,1,14,3.416726380605106,220,6,True,0.9466387272149526,0.75,1
txn_000482,2605.5163765941124,11,False,3,13,0.6419477806716507,530,4,True,0.42311343099578624,0.55,1
txn_000483,88.65255348753871,3,True,2,1,3.6750157878314753,708,5,True,0.4802974079546618,0.5,0
txn_000484,372.38006288014657,22,False,1,4,5.391174328877849,212,4,True,0.6738141457636807,0.4,0
txn_000485,292.3774907090102,6,False,4,4,0.2447059370042279,202,5,True,0.24985611016083442,0.3,0
txn_000486,295.1605734694043,13,False,5,5,7.553677931502588,54,3,False,0.3668683942862294,0.25,0
txn_000487,118.9718034008958,0,False,4,0,0.48859302283297423,382,4,True,0.30063192858167553,0.3,0
txn_000488,83.4887418342569,22,False,5,5,5.753549964928979,949,6,False,0.6083090281035596,0.5499999999999999,1
txn_000489,256.57028833673235,23,False,3,11,4.897923518272969,709,4,True,0.8625568325238507,0.75,1
txn_000490,422.8015172883416,19,False,1,12,5.858418667960821,638,1,False,0.6379793773932165,0.5,0
txn_000491,1155.4344097896042,22,False,3,3,6.110333206873205,76,0,True,0.7690232387826479,0.1,0
txn_000492,428.8413896848338,0,False,4,10,1.6648298714247995,1,6,False,0.5660475729241843,0.8,1
txn_000493,400.25346573182327,1,True,4,5,5.999299502849494,356,3,True,0.7427908347497,0.4,0
txn_000494,338.8341855030002,0,True,1,2,1.454314415350273,499,5,True,0.8941267266681903,0.7,1
txn_000495,356.2769771456663,22,False,5,14,0.7614206515603883,658,1,True,0.881189236894309,0.45,0
txn_000496,330.65274876698163,9,False,1,4,7.58543154635478,731,3,True,0.9034002408930234,0.30000000000000004,0
txn_000497,52.16672689618958,6,False,3,2,4.323810577317771,227,0,True,0.18863151011598778,0.0,0
txn_000498,42.28469826446408,1,False,4,10,4.015724617877198,567,3,True,0.08398950138915895,0.2,0
txn_000499,3847.379651986993,10,False,2,0,0.20157451952410244,358,2,True,0.5801718699913038,0.2,0
txn_000500,402.96236246105957,12,False,1,0,2.9852139455584843,455,3,True,0.07731468688265453,0.1,0
txn_000501,182.238696564558,9,False,4,1,2.8057499447642855,16,1,True,0.6699263421613231,0.25,0
txn_000502,198.0238656125327,15,False,2,3,6.47923998008762,966,2,True,0.3427404135888459,0.1,0
txn_000503,323.33953535113085,21,False,5,12,1.1813430464343297,347,7,False,0.8566062798313689,0.9000000000000001,1
txn_000504,4970.390493121555,12,True,2,6,6.9428924305980875,450,7,True,0.5830064830045513,0.7000000000000001,1
txn_000505,374.67527663424704,2,False,2,5,7.380652637293748,54,4,False,0.1096638296334419,0.44999999999999996,0
txn_000506,96.40211834633962,9,True,4,9,4.915210459348401,547,6,False,0.4866617608717408,0.7500000000000001,1
txn_000507,630.4673524954094,9,False,5,14,2.2621945761341564,506,5,False,0.7106672459428351,0.8,1
txn_000508,2382.1499896522155,7,False,5,11,6.117282712244514,146,1,True,0.7047842934477269,0.35,0
txn_000509,14493.618037026472,11,False,1,0,4.843735619677165,1077,5,True,0.3152098471611,0.6,1
txn_000510,71.60030481449134,2,True,5,2,1.648231907684175,562,0,True,0.3759887504408539,0.2,0
txn_000511,159.52758196327196,6,False,2,10,2.387387707570269,239,6,True,0.11767651264529899,0.4,0
txn_000512,389.6145607192345,11,True,1,1,0.7932728405829693,255,4,True,0.7187791805847155,0.6,1
txn_000513,284.62311989903094,10,True,5,8,3.091780224766481,728,7,True,0.6060646961849178,0.7000000000000001,1
txn_000514,18.375824858974127,10,True,3,3,3.269597138919498,585,6,True,0.3619633367941473,0.5,0
txn_000515,4360.104217771658,20,False,2,14,1.6205553866887086,266,1,False,0.6390324975466974,0.5,0
txn_000516,486.04530327025657,23,False,4,7,7.2466435742080995,528,4,True,0.4230523942920148,0.4,0
txn_000517,281.1879676543725,19,False,4,7,3.716727835668537,42,4,True,0.43865868440710365,0.4,0
txn_000518,497.05888937269884,1,False,1,14,5.729587981338031,63,4,False,0.26083108002500877,0.7000000000000001,1
txn_000519,143.05140662516624,15,False,5,6,2.603739125929666,605,4,False,0.6707344933076825,0.65,1
txn_000520,468.51895602105213,2,True,5,13,5.263727914789394,394,7,True,0.42781799176096946,0.75,1
txn_000521,124.58570085188407,18,False,4,2,7.638472550071592,139,5,True,0.7808076477498073,0.4,0
txn_000522,85.56914216862356,3,False,2,5,7.495561194128388,863,4,False,0.449139688459391,0.44999999999999996,0
txn_000523,372.0106720262133,20,False,1,8,2.820498417714207,438,3,False,0.8467562669950395,0.55,1
txn_000524,348.95539917934127,19,True,5,14,3.1978651499119244,400,3,True,0.7576868728716384,0.65,1
txn_000525,305.7649409084064,1,False,2,1,2.754078060744554,875,1,True,0.8381759206857385,0.2,0
txn_000526,124.24217877286242,23,False,4,6,5.385187095363356,778,0,True,0.8848728405463087,0.30000000000000004,0
txn_000527,2959.1008295031406,11,False,2,8,7.504370153744939,841,5,True,0.8347379547769676,0.6000000000000001,1
txn_000528,141.5053989858024,14,False,2,5,0.3470438842034125,452,2,True,0.9886105048195221,0.30000000000000004,0
txn_000529,91.86609161247912,9,True,2,14,0.19588592069008415,1062,5,True,0.918191773229734,0.95,1
txn_000530,302.8666446723154,22,False,1,13,4.311808082524103,804,0,True,0.9869950774543729,0.45,0
txn_000531,3765.9043485723814,4,True,1,7,1.5757266442557814,744,7,True,0.8371191251316631,0.8,1
txn_000532,217.4741875600732,17,False,4,10,7.122214723286213,480,0,True,0.584467418058375,0.2,0
txn_000533,3725.494046754018,21,False,5,4,1.2818214835657114,696,4,True,0.8085861694290979,0.5,0
txn_000534,2142.727943474889,8,False,3,6,1.0235348240123823,258,2,True,0.6528180236539404,0.30000000000000004,0
txn_000535,223.9862269878512,14,True,3,5,6.008348806806058,202,4,True,0.3724122816850544,0.5,0
txn_000536,31.324890824323745,5,False,2,1,6.350161528011539,497,1,True,0.09183330785516042,0.0,0
txn_000537,90.21772972943467,11,True,4,1,2.355037518878938,67,5,True,0.7247094874643776,0.6,1
txn_000538,400.82368124999635,18,False,1,13,6.912211368955697,750,3,True,0.829327460062097,0.55,1
txn_000539,169.62232842466977,2,False,2,10,4.573018105706447,266,7,False,0.5008699533821656,0.65,1
txn_000540,243.7627072879635,8,True,2,12,4.428945594672031,936,0,True,0.9091770149305614,0.65,1
txn_000541,485.76073899974637,17,False,5,3,4.550693769982359,556,6,True,0.1841804614846264,0.3,0
txn_000542,2243.6595208278363,12,True,2,7,1.7714988631068818,569,5,True,0.8974851595708215,0.8,1
txn_000543,178.200906965478,18,False,5,8,2.9256490213156163,52,3,True,0.45979401327486125,0.2,0
txn_000544,158.73504491867646,12,True,1,14,5.53843375800009,1091,5,False,0.7533979344077155,1.0,1
txn_000545,283.6512416196173,10,True,1,6,7.162429295876555,268,2,True,0.5280338828038271,0.5,0
txn_000546,4961.367707917115,8,False,3,4,6.799947844028859,995,0,True,0.7975655525345219,0.1,0
txn_000547,268.44368161532174,21,False,4,8,3.7051511044549557,804,4,True,0.5348181649431442,0.5,0
txn_000548,213.73656177285403,13,True,4,6,5.994138351334391,265,0,True,0.7542010919924448,0.4,0
txn_000549,203.22698861621828,0,True,1,9,2.856047102181901,555,4,True,0.8587414937869291,0.8,1
txn_000550,159.53305600221202,1,False,1,5,4.771537909229912,772,2,True,0.15415604962534146,0.1,0
txn_000551,438.2145470047318,14,False,3,2,5.311766848855417,344,0,True,0.4822764594865787,0.0,0
txn_000552,254.77725742862057,17,False,1,5,5.107592323811425,333,5,False,0.503819370328546,0.5499999999999999,1
txn_000553,64.49612175108554,22,False,2,2,3.104993602603939,495,4,True,0.4254151604404962,0.3,0
txn_000554,155.22012735200283,1,False,2,9,2.7963429998701583,1002,7,False,0.26459103476872914,0.55,1
txn_000555,394.11929513480874,12,False,4,4,5.7680415132046505,1081,1,True,0.9973661815497038,0.2,0
txn_000556,2548.3250630041775,6,False,3,8,3.481933725337056,946,2,True,0.4632296374090289,0.2,0
txn_000557,308.27793646657585,12,False,5,11,7.064294462437208,1078,4,True,0.19436907326613673,0.55,1
txn_000558,3350.4365305031974,18,False,4,3,7.188977827993273,18,7,True,0.9391974328257621,0.65,1
txn_000559,1378.372164241665,11,False,1,4,6.173180114597863,111,2,True,0.2519082653674215,0.1,0
txn_000560,491.74952205659014,0,False,5,0,0.9660373920070181,968,7,True,0.6948870858072801,0.4,0
txn_000561,644.8838993930159,9,False,2,4,3.1959619753937165,849,0,False,0.8130869641138196,0.35,0
txn_000562,145.98910807266398,9,False,3,10,0.12880895199894254,672,6,True,0.9300268378881623,0.6000000000000001,1
txn_000563,123.67264264200729,2,False,1,2,2.226942110737098,472,5,True,0.5867526197461204,0.4,0
txn_000564,69.7011645636995,21,False,1,5,2.4596034721316613,632,0,False,0.4587555319894543,0.15,0
txn_000565,215.11654097923838,18,True,3,10,7.510137327142239,948,0,True,0.7931106750282209,0.4,0
txn_000566,26.828258333077002,16,False,2,3,5.517242913497888,371,0,False,0.537732570783201,0.25,0
txn_000567,244.86938610804256,16,False,4,9,1.5528926744753726,859,1,True,0.36312844284607204,0.1,0
txn_000568,378.0061511534282,1,False,2,13,7.35058544627437,782,6,True,0.6409713241221375,0.65,1
txn_000569,56.87515734523241,23,True,4,10,2.5733570378756814,579,2,False,0.8369034453166548,0.75,1
txn_000570,67.35032651733732,15,False,1,13,7.084277002954047,340,5,False,0.44841620796905524,0.7000000000000001,1
txn_000571,374.8976206025124,19,True,2,14,0.4777491866725584,639,5,False,0.941776304416394,1.0,1
txn_000572,26.266278191680243,15,False,2,9,5.889475000624737,335,7,True,0.25054605893112825,0.4,0
txn_000573,177.3585772923564,16,False,2,14,2.3527346810593097,698,2,True,0.2207003996555672,0.35,0
txn_000574,436.47582733162204,18,True,4,12,4.991359044489586,262,5,True,0.7873227104450373,0.85,1
txn_000575,1900.84897768554,23,True,2,12,4.905551148560985,836,3,True,0.7990711708916682,0.65,1
txn_000576,1365.312754539859,13,False,4,5,1.143422380543805,420,5,True,0.7606479395780257,0.4,0
txn_000577,93.09714040214956,3,True,1,8,1.1085664163602125,623,6,False,0.8265886226617376,0.9500000000000002,1
txn_000578,116.4106128186567,12,False,5,6,2.457288282772058,638,2,True,0.1498162860461033,0.2,0
txn_000579,96.66297392601867,1,False,1,7,3.2654860095829794,250,4,True,0.9953487964272196,0.6000000000000001,1
txn_000580,468.86363127400153,18,False,1,3,1.5402752563897522,108,3,True,0.0443096822086303,0.1,0
txn_000581,454.54793505092243,5,True,4,13,4.32574779509938,346,3,False,0.3067663866831276,0.7000000000000001,1
txn_000582,119.45200453541077,16,False,4,0,1.5258157637382481,669,5,True,0.6876051009937932,0.4,0
txn_000583,260.79560272465176,4,True,5,4,2.2872770840247374,882,6,False,0.3965460928345923,0.65,1
txn_000584,3316.090278295539,19,True,5,0,5.043578379147475,839,0,True,0.9569761897103106,0.4,0
txn_000585,176.52293042340534,5,False,5,6,4.648425659810453,1085,3,True,0.8899974825811321,0.4,0
txn_000586,2407.3605237617226,4,True,1,9,0.43071608619510926,219,4,True,0.9218545779608849,0.8,1
txn_000587,209.10046179289543,0,False,5,3,4.571359222326615,226,2,True,0.6880409663453548,0.2,0
txn_000588,64.7466354044706,21,True,2,5,5.465109125466899,205,5,True,0.39765033002395556,0.5,0
txn_000589,109.99374653458315,2,False,2,3,4.348389144577416,220,0,True,0.7913415240196364,0.1,0
txn_000590,140.00012135900528,20,False,4,6,2.1913630183917756,752,2,True,0.5842186212928036,0.30000000000000004,0
txn_000591,26.84042089166054,11,False,5,7,3.790119169282733,150,5,True,0.8492423642983389,0.6000000000000001,1
txn_000592,127.72032318479434,16,False,5,5,4.222131655385018,1071,4,False,0.571682326099271,0.5499999999999999,1
txn_000593,3077.0176243600445,2,False,3,3,0.1347727111299116,823,3,True,0.02929370500537065,0.1,0
txn_000594,2626.991282141801,14,False,2,3,6.8700537990988355,1070,0,True,0.98992149127494,0.2,0
txn_000595,276.94201153134884,8,False,5,12,7.749556685815337,578,7,True,0.5712569016303779,0.65,1
txn_000596,329.9249716670387,17,False,3,2,2.1202853815110405,1078,1,True,0.8654158817884438,0.2,0
txn_000597,377.65309480606265,16,False,4,6,3.1593683169581923,370,3,True,0.15001936178986208,0.2,0
txn_000598,87.25369157613663,4,False,3,2,1.2984822624807977,660,6,True,0.7575838327190574,0.4,0
txn_000599,316.1223353541645,0,True,1,5,0.2842464193451329,828,0,False,0.5538318661098234,0.44999999999999996,0
txn_000600,69.50688170690376,9,False,1,8,5.066251970712186,198,6,True,0.06316773090303107,0.4,0
txn_000601,290.2304941535813,17,False,3,11,2.8760038218716497,376,5,True,0.9033478503660581,0.75,1
txn_000602,71.25530184402339,13,False,5,14,6.711820930499296,914,4,True,0.612402908102972,0.65,1
txn_000603,4410.37474278801,21,False,4,10,7.84044498852282,795,2,True,0.5278742078895624,0.30000000000000004,0
txn_000604,288.7049845005457,7,False,1,12,5.343341907066605,1054,7,False,0.7782657447937787,0.8,1
txn_000605,353.3611786738081,9,True,4,7,3.7886852027533506,957,5,False,0.5079538704575308,0.8500000000000001,1
txn_000606,416.7572865409801,16,True,3,3,4.103022935069106,744,3,True,0.7179213233927192,0.4,0
txn_000607,329.43717729914647,16,False,5,9,1.7250639303149018,351,2,True,0.640891664837207,0.30000000000000004,0
txn_000608,2533.363993104082,16,False,3,9,0.1957140742372221,352,5,False,0.9780344120945137,0.75,1
txn_000609,272.4037310095851,1,False,3,5,4.569250499619909,82,3,True,0.43964232052484653,0.1,0
txn_000610,42.92074629671164,22,False,1,13,5.214792762348004,1015,7,True,0.01311667577348441,0.55,1
txn_000611,1531.9455857945977,21,False,5,7,5.261385402908606,698,4,False,0.2821786456492331,0.55,1
txn_000612,1314.0611935606082,18,False,4,5,2.3153959064312573,201,3,True,0.3122318396207352,0.1,0
txn_000613,3405.583963284083,10,True,5,10,5.060706197065734,132,1,True,0.7101108919062131,0.4,0
txn_000614,384.67830967927506,6,True,4,8,1.49435965789264,808,4,True,0.5794265354922237,0.7000000000000001,1
txn_000615,277.20565974516336,5,False,4,9,5.199718527953174,52,5,False,0.8045587144686301,0.75,1
txn_000616,1961.989729165484,23,True,1,13,1.2359028668279186,1050,3,False,0.975160667499096,0.9000000000000001,1
txn_000617,173.5555588255077,19,False,4,11,0.9595783828175181,922,3,True,0.734447277798688,0.44999999999999996,0
txn_000618,306.1371227309903,0,True,4,14,5.413280841247522,765,4,True,0.5882351851584642,0.85,1
txn_000619,125.59142468216129,16,False,1,4,0.7908562363717541,43,0,True,0.43919216568266695,0.0,0
txn_000620,462.50325853100804,16,False,2,5,3.0491093237021025,437,2,True,0.33747469503667304,0.1,0
txn_000621,369.9807039480013,18,False,2,9,1.774476813037991,462,4,True,0.9076392933095441,0.6000000000000001,1
txn_000622,350.9761433098901,5,True,5,5,7.943017444282333,331,3,True,0.8719562712091853,0.5,0
txn_000623,387.5117757466046,11,True,1,3,1.966351044949406,555,7,True,0.6561370440820199,0.6,1
txn_000624,199.0691345936507,22,True,5,2,1.8592826926624089,314,7,True,0.8576136554783509,0.7,1
txn_000625,1908.5414863860199,15,True,5,7,3.494636375640963,50,6,True,0.9374744179428132,0.8,1
txn_000626,4576.945578165118,22,False,3,3,6.926357800394821,149,5,True,0.2943898859392372,0.3,0
txn_000627,463.82528159417933,4,False,4,1,2.864435416794121,321,6,True,0.7469746046867705,0.4,0
txn_000628,265.92184192247424,17,False,4,12,0.20629653616032884,577,1,True,0.5065986961834594,0.35,0
txn_000629,1899.5126591889104,19,False,2,1,0.8715225067996352,358,6,False,0.03329778356517199,0.44999999999999996,0
txn_000630,18.24832673167512,1,False,3,1,3.2103912116043416,1059,3,True,0.3301810231528798,0.1,0
txn_000631,473.1075891547947,4,True,1,10,3.90533337242615,645,1,False,0.7199075812085329,0.55,1
txn_000632,262.95421798855625,9,False,4,11,2.03723466926027,202,2,True,0.13677478812133348,0.35,0
txn_000633,1230.6615103687686,21,False,5,3,3.3436238602746173,244,3,True,0.8680980942840464,0.30000000000000004,0
txn_000634,188.63937703988344,21,False,1,14,5.2509154611791375,946,2,True,0.5057833001200495,0.44999999999999996,0
txn_000635,478.5730843957667,3,False,1,14,5.392598529924332,1009,3,True,0.5213947362629351,0.44999999999999996,0
txn_000636,142.02486046656492,10,False,1,8,6.286233014256228,777,4,True,0.30062055985564207,0.4,0
txn_000637,350.8367354087366,6,False,5,3,0.6602164381225347,202,1,True,0.09318878597231284,0.0,0
txn_000638,4358.775829807652,11,False,3,5,3.1339743237844426,55,6,True,0.7185332929700363,0.4,0
txn_000639,461.0161078769732,19,False,4,13,5.423536611965536,229,2,True,0.38075829071818335,0.35,0
txn_000640,429.3214221562598,7,False,4,14,5.862607507779743,28,7,True,0.2849682775773116,0.7000000000000001,1
txn_000641,409.6546678097895,3,False,1,5,7.144161680732491,218,3,True,0.03931948766847326,0.1,0
txn_000642,197.30539818163828,15,False,4,10,7.896327090839592,279,4,True,0.951967622303403,0.6000000000000001,1
txn_000643,294.5164421763757,9,False,3,4,1.0686918416137638,762,6,True,0.47095685239103,0.3,0
txn_000644,782.8280521602578,3,False,4,10,2.870950396519904,1004,1,True,0.8797669379095653,0.30000000000000004,0
txn_000645,316.3520776540357,2,False,1,9,1.0693750247647256,597,4,False,0.5451908290902965,0.65,1
txn_000646,319.6471517972078,11,False,3,10,7.084484435813301,485,0,True,0.16095548745672916,0.1,0
txn_000647,334.17260288128864,11,False,2,2,3.209407572661426,1004,5,True,0.242180718172753,0.3,0
txn_000648,492.8252287896222,19,False,5,9,0.531510138263402,306,0,True,0.11408631043909745,0.1,0
txn_000649,350.11269079302775,6,False,3,9,5.154006925097669,523,5,True,0.19320448488185138,0.4,0
txn_000650,506.45029391163683,14,False,2,7,7.36748438107302,790,2,True,0.9968149760709497,0.4,0
txn_000651,477.06194541584546,9,False,1,1,2.4887153668299127,997,0,True,0.5242340378832885,0.1,0
txn_000652,416.3059317770885,6,False,1,4,0.8640129655933563,27,1,False,0.6253971931668133,0.4,0
txn_000653,404.5825926315529,20,False,4,2,0.5169884690739602,981,1,True,0.04472192915196782,0.0,0
txn_000654,124.12739658402468,2,True,3,8,4.853939092672707,845,3,True,0.5423297153995472,0.5,0
txn_000655,123.7430150305219,3,True,2,11,1.7892985197703317,988,0,True,0.6736986409905719,0.55,1
txn_000656,135.4172959724658,2,False,1,8,5.219888185656805,420,2,True,0.22831042562517812,0.2,0
txn_000657,20.765579693228634,19,False,1,1,0.7011983410835626,603,0,False,0.16719712946813636,0.15,0
txn_000658,302.13455564176877,21,False,4,4,2.1016908993778167,55,4,True,0.3955221362514192,0.3,0
txn_000659,2801.4927526293036,9,False,3,8,4.187317474899556,1087,2,True,0.8354279612678818,0.4,0
txn_000660,376.8745812953647,23,True,3,1,7.216612144230355,655,5,True,0.7916201628700248,0.6,1
txn_000661,261.2296059805676,15,False,2,4,6.046106814056874,104,5,False,0.5515876608066341,0.5499999999999999,1
txn_000662,51.35146581939363,10,False,3,14,3.0179445578319473,972,1,True,0.34112231271431437,0.25,0
txn_000663,83.56558445671251,23,False,1,12,6.827253824690001,438,2,True,0.9207648141223198,0.55,1
txn_000664,2665.5955491957643,14,False,4,1,7.33759311183377,999,3,True,0.29766450592931426,0.1,0
txn_000665,163.94203226806215,17,True,2,12,7.3775992908396555,93,4,False,0.8596587527734643,1.0,1
txn_000666,194.89060940808747,19,True,5,12,5.142999008595274,55,0,False,0.6818319629167383,0.7,1
txn_000667,2825.8633649179283,10,True,4,14,0.6959212498676153,203,1,False,0.8562635080057732,0.8,1
txn_000668,405.9781899428074,10,False,3,9,3.9658896907199237,613,1,False,0.5192634144878443,0.35,0
txn_000669,40.50278907131259,7,False,5,0,2.8958955149962304,41,7,True,0.7877714800885685,0.4,0
txn_000670,293.05789341425276,18,False,4,10,5.224994511318645,34,6,True,0.6481179230208346,0.5,0
txn_000671,1914.845118682079,10,False,1,6,1.5119767691022938,252,5,True,0.3628200304713315,0.4,0
txn_000672,440.32599203435944,11,False,4,12,3.64714407605164,826,7,True,0.2810543711738185,0.55,1
txn_000673,47.61570120104055,17,False,2,0,5.629679360439314,849,3,True,0.8826056237288415,0.30000000000000004,0
txn_000674,4776.509600007757,18,False,3,3,5.525061610878304,582,4,True,0.5849115002718178,0.4,0
txn_000675,172.71686866885463,15,False,3,13,3.3388524229146332,85,3,True,0.12068846784624043,0.35,0
txn_000676,48.78282426536654,7,True,2,3,0.6352825339509552,858,6,True,0.8988790405793248,0.7,1
txn_000677,3180.620731161057,4,True,1,1,5.952419472929183,432,4,True,0.37649019534462713,0.5,0
txn_000678,79.24433696735082,7,False,1,2,2.393851211184743,58,7,True,0.8319133125709606,0.5,0
txn_000679,447.2919437803105,18,True,3,14,2.348576304320621,729,5,False,0.98053387128864,1.0,1
txn_000680,3726.5676694877366,22,True,3,6,5.395528520063174,368,3,True,0.85304066211651,0.6000000000000001,1
txn_000681,54.77200587509324,14,True,4,6,6.518402008184587,925,2,True,0.4985221190817429,0.4,0
txn_000682,437.1994324359561,6,True,5,14,4.230337465756337,938,6,False,0.7632805027746724,1.0,1
txn_000683,187.4073665845208,5,False,5,12,3.0016221861598282,685,1,False,0.2631502596023292,0.4,0
txn_000684,439.90887239940344,20,False,5,11,0.3512361224753964,859,7,True,0.040699795253807625,0.55,1
txn_000685,230.80547313936137,6,False,3,5,5.001696988392605,794,2,True,0.16852127608247813,0.1,0
txn_000686,90.5555211329516,8,True,2,7,3.6809487060675,27,5,True,0.5556143489746201,0.8500000000000001,1
txn_000687,101.3442590529905,18,False,1,12,2.8572478290853005,250,6,False,0.7145834712104601,0.8,1
txn_000688,143.68036859407596,1,True,3,4,4.902249186601082,767,6,True,0.8790938684103573,0.7,1
txn_000689,271.66112981627464,21,False,3,2,2.4288543036593238,512,5,True,0.9373395631247,0.5,0
txn_000690,328.1027494718817,12,False,3,10,5.28367827091453,10,4,True,0.9541380793838092,0.7500000000000001,1
txn_000691,533.934917221994,5,True,2,14,7.740257308212505,711,0,True,0.5483319985297957,0.55,1
txn_000692,165.3703845225458,23,False,4,1,1.1803646865457618,262,7,True,0.0058969400367867575,0.3,0
txn_000693,335.2749660970313,9,False,1,9,5.749801402853658,334,2,True,0.9779115625906942,0.4,0
txn_000694,318.4444718415497,14,False,4,3,5.689671511762626,996,2,True,0.29767197934630374,0.1,0
txn_000695,20.676585383505213,21,True,2,12,6.427407796984764,1029,4,True,0.8844539039684867,0.95,1
txn_000696,417.9992361037938,12,False,2,10,1.2140958299426525,459,4,True,0.509769673499049,0.5,0
txn_000697,115.48169927610131,20,True,3,12,4.609073493028621,182,5,True,0.7009272814737137,0.85,1
txn_000698,109.85897929696162,8,False,1,1,4.576150640906509,168,6,True,0.22420981220884317,0.3,0
txn_000699,448.40391190185,15,False,1,14,4.6651862473347885,793,4,True,0.25417907424359665,0.55,1
txn_000700,42.512074274110645,6,False,1,2,4.604960187084456,628,3,True,0.37397025927733263,0.1,0
txn_000701,458.9317025562049,15,True,2,12,4.991019697079537,304,5,True,0.6677499845209807,0.85,1
txn_000702,412.6380120265117,2,False,3,11,2.3901743872058328,466,1,False,0.4747550617686376,0.4,0
txn_000703,254.95805005476137,1,True,1,7,1.1815211050094028,92,2,True,0.6191225968939686,0.5,0
txn_000704,27.084294095342532,1,False,4,9,5.0824287876672996,875,1,False,0.6509685719074698,0.35,0
txn_000705,50.89995463915904,2,True,5,12,1.4415807325763033,436,7,True,0.7050444718255345,0.85,1
txn_000706,286.1402746738812,15,False,1,14,7.519735434813637,596,5,True,0.29298853726260643,0.55,1
txn_000707,416.7081684836451,5,False,4,5,7.461877926507764,411,4,True,0.030058312201998505,0.3,0
txn_000708,476.86848527062733,18,False,3,1,5.747259137875691,603,7,True,0.1018373415997994,0.3,0
txn_000709,98.47685817086011,16,False,4,9,4.75384793895099,670,5,False,0.9709840578768706,0.75,1
txn_000710,486.2379237615855,18,False,3,9,1.9833002932931776,183,6,True,0.004060586286875667,0.4,0
txn_000711,218.51180588338778,18,False,2,2,5.171907318934405,788,6,True,0.2223182092142263,0.3,0
txn_000712,210.5027936127014,21,True,3,2,3.8489167689405726,123,3,True,0.5834979272138634,0.4,0
txn_000713,271.19121106540575,1,False,2,1,1.752539798016445,977,4,True,0.0982088890488636,0.3,0
txn_000714,262.1060607799751,20,False,2,0,6.031238432093214,687,0,True,0.08032310568953338,0.0,0
txn_000715,197.10115731495208,3,False,3,11,2.1760407816078122,1068,0,True,0.8412262245742964,0.45,0
txn_000716,285.30879510090534,9,False,3,14,4.2517717758931575,363,7,False,0.8536544794493112,0.9000000000000001,1
txn_000717,55.5442585623161,15,False,4,10,4.500353883445808,350,4,True,0.2065479697688959,0.4,0
txn_000718,372.6701713128669,18,False,4,2,7.094982703235265,503,6,True,0.09666476716567107,0.3,0
txn_000719,258.37141757577945,10,True,1,7,5.08946494011629,203,1,True,0.8361348687787407,0.5,0
txn_000720,331.8197704133864,14,False,1,5,2.621767183509453,464,7,False,0.5231922536086928,0.5499999999999999,1
txn_000721,131.39072037720672,13,False,4,14,7.690816248627642,953,1,True,0.4359692660003781,0.25,0
txn_000722,140.6910782219873,19,False,3,3,1.9342105464504806,936,7,True,0.44678116303137805,0.3,0
txn_000723,4474.291867764454,4,False,5,3,0.39063244207876313,810,0,True,0.3680387991169056,0.0,0
txn_000724,221.9152002067444,11,False,5,13,0.5084536987412944,128,1,True,0.2824043288458643,0.25,0
txn_000725,301.7704664199553,11,False,2,11,4.5824542234089485,343,0,True,0.1468199856413458,0.25,0
txn_000726,81.07120311790172,10,True,2,7,6.941131032656482,134,0,True,0.7861684214493713,0.4,0
txn_000727,309.0266430432133,15,False,4,14,7.917737885711292,447,4,True,0.19986029727419885,0.55,1
txn_000728,368.8602710721846,2,False,1,1,3.610247819955463,510,0,True,0.6973257703179158,0.1,0
txn_000729,66.17742348086648,13,True,2,4,3.6572079146298724,99,0,True,0.8814719638223172,0.4,0
txn_000730,361.0785984451607,4,False,5,0,7.352804841922266,515,3,True,0.16179617489024078,0.1,0
txn_000731,368.9946987968353,0,True,1,10,0.1563271597459479,615,5,True,0.8151832322927528,0.8,1
txn_000732,483.1875691145809,15,True,1,9,1.2476813239350557,163,3,True,0.804956594590909,0.6000000000000001,1
txn_000733,295.72879749561406,1,False,4,2,3.3233119192863234,657,2,True,0.21995151773429578,0.1,0
txn_000734,488.5637122329697,17,True,3,7,4.037027680926058,899,0,True,0.4715870664591526,0.30000000000000004,0
txn_000735,89.67420011781232,22,True,3,4,3.234261572975644,160,5,True,0.3458369672811534,0.5,0
txn_000736,1928.7467941755606,5,True,1,12,7.920392825123755,787,6,True,0.9038020478430198,0.95,1
txn_000737,4128.107673136697,18,False,3,7,3.94427502918574,120,1,True,0.4814312028120059,0.1,0
txn_000738,392.6045992852957,15,False,1,7,7.861669671173088,84,0,True,0.7960367599017643,0.2,0
txn_000739,468.9859612572905,20,True,2,11,4.064644337571545,765,7,True,0.7980540791647367,0.85,1
txn_000740,481.03600732514195,14,False,5,7,2.6726072882808807,686,7,True,0.3425392295096077,0.4,0
txn_000741,186.41025954870673,20,False,5,5,6.001727248505685,515,0,False,0.5009618263593643,0.25,0
txn_000742,2543.342649405538,21,False,1,7,3.153271837862266,210,7,True,0.0046408254980069286,0.4,0
txn_000743,196.34106585639748,0,False,3,2,7.481567869159324,1024,0,True,0.9207379356930562,0.2,0
txn_000744,308.68480273335683,13,False,4,11,1.4647617034945395,809,1,True,0.4008124443157497,0.25,0
txn_000745,277.1534286205261,20,False,5,10,4.374713039987793,345,1,True,0.6996864199347684,0.2,0
txn_000746,173.9333184872308,6,True,2,14,5.805642723878833,866,2,False,0.7502130158143392,0.8,1
txn_000747,239.40710381129816,16,False,4,8,3.9948221474374073,463,0,False,0.2953062084410316,0.25,0
txn_000748,304.8853772264471,15,False,3,12,3.9756126488756194,500,0,True,0.2069531519486293,0.25,0
txn_000749,190.6133606412179,15,True,2,14,3.6603424092990355,117,3,True,0.8805222450457961,0.75,1
txn_000750,268.6314037000133,15,False,5,13,0.7988003514157386,836,3,True,0.661476768856287,0.44999999999999996,0
txn_000751,4014.1186346953673,18,False,1,0,4.914626616687809,419,1,True,0.02772532476184919,0.0,0
txn_000752,42.907313367582454,14,False,3,1,0.9343746575677143,213,6,True,0.2653240700646672,0.3,0
txn_000753,283.9153373724525,21,False,1,8,6.87960925185397,261,6,False,0.02958284454523752,0.55,1
txn_000754,409.6897548497882,3,False,3,8,5.676504284000885,18,2,True,0.39160188092155546,0.35,0
txn_000755,242.82211827687243,11,False,3,10,3.008491759425171,835,0,True,0.018066635095864148,0.1,0
txn_000756,416.92519931038714,5,False,2,3,0.9599975285085759,384,4,True,0.9490970889284264,0.5,0
txn_000757,2606.367294882943,11,False,4,9,7.004595461749364,991,4,True,0.4618644590001696,0.4,0
txn_000758,233.29607936594576,17,False,2,9,0.48780112459702574,814,1,True,0.5751553291279333,0.2,0
txn_000759,138.63850974555277,20,False,4,0,0.7200901532885606,636,2,True,0.9948498070617926,0.30000000000000004,0
txn_000760,126.98183822767396,5,False,1,9,7.91022312406534,422,5,True,0.04308097000592481,0.4,0
txn_000761,454.66080315086725,21,False,1,1,5.236407195091995,992,4,True,0.5291631009556624,0.4,0
txn_000762,289.05100087480474,9,False,5,0,7.028670704401222,496,3,True,0.8706008425757117,0.30000000000000004,0
txn_000763,248.01326474225857,2,False,3,12,5.674602897267805,722,6,False,0.15676943733500226,0.7000000000000001,1
txn_000764,3983.0149080939186,15,True,5,13,2.942673053531214,992,6,False,0.6551089707147064,1.0,1
txn_000765,262.6409645746327,3,False,5,14,2.8016340157515356,259,7,True,0.6023641741274721,0.65,1
txn_000766,106.32742791516051,6,False,1,2,4.337162060406492,462,3,True,0.342889329596056,0.1,0
txn_000767,129.0257391926084,1,False,1,11,1.5748849499451556,165,6,True,0.514235482853053,0.65,1
txn_000768,1292.1476048600034,11,False,1,2,6.069059842742597,270,4,True,0.6794473358165979,0.4,0
txn_000769,173.46379461271584,19,False,4,4,5.381348593724298,491,0,False,0.9456561653820842,0.35,0
txn_000770,142.37206944211366,11,False,4,4,4.640155310963953,966,6,True,0.33028701249211023,0.3,0
txn_000771,309.8819096924084,8,True,4,3,5.946418673738701,339,3,False,0.6446765878363634,0.55,1
txn_000772,4620.276914332547,12,False,1,12,2.356703489704774,303,3,False,0.7173277870408695,0.6,1
txn_000773,2095.0772913314895,12,False,3,0,2.86833831734713,1018,2,True,0.2847919890667142,0.1,0
txn_000774,319.4530857739036,19,True,5,3,5.818581202686266,822,2,True,0.727546949254563,0.4,0
txn_000775,388.47978384038845,14,True,2,5,1.0736460558181429,706,1,True,0.5791279167555102,0.30000000000000004,0
txn_000776,338.98159236424425,21,False,1,7,7.7939986432088375,179,4,True,0.028184052345116895,0.4,0
txn_000777,329.17206068248396,8,False,5,11,5.44645567579316,215,2,True,0.1733610124719337,0.35,0
txn_000778,21450.796793386795,15,True,3,11,0.17863364313557822,538,5,True,0.6004791122170858,1.0,1
txn_000779,360.48824435031673,17,False,2,5,2.797156795756842,840,2,True,0.35392767657530366,0.1,0
txn_000780,422.71822838662575,16,True,2,5,6.490984665302389,477,3,True,0.5396047350133258,0.4,0
txn_000781,54.15591916725553,17,False,2,2,7.986531876037059,716,2,True,0.8869862935068581,0.30000000000000004,0
txn_000782,323.4512253996149,9,False,5,6,7.664183307180517,473,1,True,0.7315256152685815,0.2,0
txn_000783,126.36358055275579,8,True,3,4,6.273412370687065,238,7,True,0.9215409431967739,0.7,1
txn_000784,173.44127115464406,10,False,1,11,4.96940220657579,216,6,True,0.14841012338263715,0.55,1
txn_000785,61.403149311162544,1,False,2,3,0.5503520977325698,764,4,False,0.02098299628630318,0.44999999999999996,0
txn_000786,204.86551577949587,21,False,1,9,1.0409506703313682,598,6,True,0.24181441903715273,0.4,0
txn_000787,145.04200803761802,7,False,4,10,2.227156500120723,331,7,True,0.9409566212589349,0.6000000000000001,1
txn_000788,332.8010624589752,18,False,1,6,5.217689504373099,303,0,False,0.7549268366376947,0.35,0
txn_000789,290.3474961110232,18,True,3,0,5.432933162794382,792,6,True,0.7370186364578603,0.6,1
txn_000790,99.05631551765588,10,False,3,6,5.762008268500754,913,4,True,0.26357448820138385,0.4,0
txn_000791,270.4190730191323,1,False,4,8,5.658590052771333,213,6,False,0.1152925720557787,0.55,1
txn_000792,25.269553068246623,14,True,4,0,2.9358663945273684,4,6,True,0.9673255123264493,0.85,1
txn_000793,159.4591379411394,18,False,1,6,2.997060355237217,592,6,True,0.6821401728913017,0.5,0
txn_000794,98.74490426320249,23,False,3,6,1.1705337597092276,735,2,True,0.4537417590943016,0.2,0
txn_000795,648.0985862972267,14,False,3,10,5.670144883599148,98,3,True,0.9367135596314982,0.4,0
txn_000796,102.83366202633854,1,False,5,14,3.828081968325242,636,6,True,0.9675991933202505,0.75,1
txn_000797,78.52870623373074,13,False,3,13,4.088537479976439,1077,7,True,0.8761397846840072,0.75,1
txn_000798,445.7521108152583,21,False,1,10,0.8592716152348896,667,2,True,0.9782485938889842,0.4,0
txn_000799,466.5236878542733,20,False,3,10,5.0362138301986485,764,7,True,0.2530844032214269,0.4,0
txn_000800,25935.76918309712,3,False,2,7,4.4222093557962205,670,3,False,0.9937148082595793,0.8500000000000001,1
txn_000801,173.25974619305316,19,True,5,4,6.49625342335657,792,7,True,0.7671790371925653,0.6,1
txn_000802,2360.825844703695,9,True,4,4,1.6255706725012107,946,7,False,0.7672701727569187,0.75,1
txn_000803,451.5922805623901,21,False,4,6,6.9626817697009304,1043,7,False,0.6074783945031181,0.65,1
txn_000804,2185.479335314839,20,False,1,5,1.2834960566531983,488,2,True,0.7680814070435371,0.2,0
txn_000805,404.4140723782904,20,False,4,12,7.908492916238377,713,7,True,0.48576112054915,0.55,1
txn_000806,163.86919422395886,7,False,4,14,7.19473607166893,146,3,True,0.4177606716245422,0.35,0
txn_000807,257.97621024868795,1,True,2,1,0.8534530823944174,262,6,False,0.7241924466541549,0.75,1
txn_000808,323.5994627624066,11,False,4,3,5.524613004468025,722,4,True,0.7236793680928076,0.4,0
txn_000809,221.64737744810355,14,True,5,7,6.015309242392282,690,7,False,0.9271363971120434,0.9500000000000002,1
txn_000810,161.56075608779585,3,False,5,8,5.0079678718118394,297,7,True,0.3191322433170606,0.4,0
txn_000811,18.633801337559852,23,False,5,7,0.933044246135224,177,2,True,0.7798425810193168,0.30000000000000004,0
txn_000812,368.55258705694655,13,True,2,3,3.573326105727666,404,4,True,0.504968998573349,0.6,1
txn_000813,463.12238694773714,3,False,4,5,6.563089119519269,329,7,True,0.07703224815376108,0.3,0
txn_000814,460.516444837403,14,True,3,4,0.6189543917911091,451,3,True,0.913922199066304,0.5,0
txn_000815,120.44703623671211,14,False,5,8,3.5047066456580547,364,5,True,0.8906403862806171,0.6000000000000001,1
txn_000816,495.197260326555,4,False,1,2,6.569810607417063,588,2,True,0.7861304224621818,0.2,0
txn_000817,100.11690510408428,9,False,1,2,2.676582765242957,633,5,True,0.09929334629680364,0.3,0
txn_000818,190.3541555564764,11,False,3,10,5.473401075586834,413,6,True,0.3496017324042866,0.4,0
txn_000819,399.9317108028092,3,False,1,3,2.185266885625544,61,7,True,0.8810096692124272,0.5,0
txn_000820,497.326507124396,8,True,5,5,7.419288509301659,562,6,True,0.34514325472652985,0.5,0
txn_000821,228.93702458122652,3,False,3,10,2.2906217855611604,242,5,True,0.3064577313504506,0.4,0
txn_000822,159.8218233462924,6,False,1,14,7.52152562087988,840,3,False,0.859822881540161,0.7,1
txn_000823,94.47253214603474,5,False,3,10,0.5816765845203016,611,0,True,0.244365491292717,0.1,0
txn_000824,475.8154546228582,19,True,5,13,3.8570036063538637,806,0,True,0.9819905683695622,0.65,1
txn_000825,4648.08990426579,20,True,5,7,5.309889458465608,7,1,False,0.8218975662147456,0.8000000000000002,1
txn_000826,101.88874349381481,18,False,2,12,0.7734729600783767,66,1,False,0.5147444939556894,0.5,0
txn_000827,156.23311972661205,17,False,5,1,1.7862497247324134,1004,7,True,0.6501792222182673,0.4,0
txn_000828,168.14075133599812,5,False,4,12,1.9883839508834686,472,2,False,0.23064847418528922,0.5,0
txn_000829,163.74581838133483,20,False,3,1,5.980009228834043,539,0,False,0.7680899052191402,0.25,0
txn_000830,276.5660227679238,12,False,1,10,7.453380465438571,617,4,True,0.7785818487206433,0.5,0
txn_000831,1704.4167306508214,18,False,5,9,0.5987282665631792,6,4,True,0.5038971982925826,0.65,1
txn_000832,72.75846940259083,7,False,4,0,0.9309874505438764,825,4,True,0.7534955614805585,0.4,0
txn_000833,85.21353089459552,6,False,4,9,5.124414251512788,884,3,True,0.9890392417557957,0.4,0
txn_000834,3480.6723097831205,4,True,4,8,0.8858299843640618,874,1,True,0.762038463389075,0.4,0
txn_000835,370.75642239040775,21,True,5,4,1.8688742391748034,16,8,True,0.6032823194505884,0.75,1
txn_000836,415.21866983826413,13,False,4,2,1.3921694039566685,44,2,True,0.050645326443726324,0.1,0
txn_000837,2056.5053401191044,15,False,2,3,0.760658539121531,892,7,True,0.012619862089148004,0.3,0
txn_000838,93.68364980325089,5,False,2,5,4.9670961411256425,147,4,True,0.09438620042016888,0.3,0
txn_000839,175.0950495970688,1,True,4,0,4.113782469513866,615,7,True,0.616925456300625,0.6,1
txn_000840,218.47458299087265,6,True,2,11,7.3327454594505515,884,2,False,0.5217635932159602,0.8,1
txn_000841,626.084830727647,3,False,5,11,7.606984428915107,200,2,False,0.3290977589741021,0.5,0
txn_000842,431.36998589940777,19,False,3,4,2.5933476455676434,4,1,True,0.2426943984557346,0.15,0
txn_000843,423.2469531472749,5,False,4,1,1.3093700688471253,505,5,True,0.6282404259422626,0.4,0
txn_000844,239.40868008477403,6,False,3,9,6.021731691606843,771,5,True,0.18489739522319937,0.4,0
txn_000845,389.240791913373,13,False,5,1,4.115942058507728,791,5,True,0.8892268915849871,0.5,0
txn_000846,1084.7970683461444,7,False,3,12,5.893185824000658,615,3,True,0.7698580056788935,0.44999999999999996,0
txn_000847,274.356759320503,12,True,5,1,6.424026201785935,434,2,False,0.8021094061812739,0.6500000000000001,1
txn_000848,123.97086349812193,8,False,1,14,3.734816063492473,603,3,False,0.8135461799983198,0.7,1
txn_000849,409.3632810829189,0,False,1,9,1.846420333873012,815,2,False,0.19503948473304944,0.35,0
txn_000850,4938.483445481029,23,False,1,1,4.428417560198161,994,3,True,0.4633834858663197,0.1,0
txn_000851,429.17908926689165,14,True,3,8,5.872351223232548,662,2,False,0.556667686337004,0.65,1
txn_000852,4572.948295704393,15,False,4,8,4.101897565251953,816,2,False,0.36048672167611706,0.35,0
txn_000853,258.45133309898773,16,False,4,13,5.826813828533512,214,3,True,0.6922553895959047,0.44999999999999996,0
txn_000854,76.26204051784562,8,False,3,1,2.434215708811356,548,5,True,0.2680329659518925,0.3,0
txn_000855,183.78474836482997,10,True,4,2,1.9682234887897585,199,6,True,0.9254515922785331,0.7,1
txn_000856,352.57802655339157,22,False,2,13,5.657358997890993,624,4,True,0.009003349923426884,0.55,1
txn_000857,297.7867069843202,10,False,2,14,4.8760450503734765,309,4,True,0.9129854064310087,0.75,1
txn_000858,117.79030040010893,14,False,3,6,3.939160214964091,515,0,True,0.21213007087061098,0.1,0
txn_000859,4617.703067650939,5,False,2,2,4.4514489710605725,36,1,True,0.6576169493263143,0.1,0
txn_000860,24.008712870460364,13,False,2,1,6.667872641343528,573,7,True,0.14184982191924211,0.3,0
txn_000861,174.6014279957141,21,False,3,12,1.4987558045823057,533,5,True,0.02606660693259888,0.55,1
txn_000862,85.92953414433413,6,True,2,3,0.3842704100486033,11,1,True,0.9983910792659667,0.55,1
txn_000863,20677.46270459258,1,True,3,14,2.304434858329056,134,2,False,0.9470313969234275,1.0,1
txn_000864,363.61268924723714,18,True,5,2,0.9567045802349688,356,4,True,0.9455747908752627,0.7,1
txn_000865,10.004555028036524,14,False,1,14,6.909088591604597,1068,6,True,0.7433154936552713,0.65,1
txn_000866,425.0293138810615,21,False,1,9,2.75404877175351,921,4,False,0.4608812766929614,0.55,1
txn_000867,4853.23694448662,23,False,1,6,1.6963569576326587,970,4,False,0.9260613727867529,0.75,1
txn_000868,1795.254531356803,8,True,1,13,4.078112515971627,871,5,False,0.9497231573463645,1.0,1
txn_000869,445.6276616252688,21,True,5,8,3.8060946723587246,804,6,False,0.7439939006792845,0.8500000000000001,1
txn_000870,456.6857237512154,4,False,3,3,1.0586188398288612,300,0,False,0.6125417734210956,0.25,0
txn_000871,116.53424878507579,17,False,5,2,7.26459241145373,344,4,True,0.43097084250528284,0.3,0
txn_000872,443.24362267033416,4,True,5,0,5.6353115242846625,315,0,True,0.8243734729798233,0.4,0
txn_000873,162.96977624254038,12,False,3,7,6.940500116764894,883,0,True,0.7433612504879242,0.2,0
txn_000874,1148.7202717476632,0,True,2,3,4.799119785262793,731,7,True,0.9677871919334492,0.7,1
txn_000875,349.04639563981516,17,True,4,9,4.145419786107664,715,5,True,0.9104441484269954,0.8,1
txn_000876,367.88113300209824,21,True,5,9,4.999817415024573,533,4,True,0.644709582606551,0.7000000000000001,1
txn_000877,138.27710054032664,21,True,1,9,1.2141844863880968,385,7,True,0.4566067747668311,0.6000000000000001,1
txn_000878,235.32430399750146,8,False,2,0,4.202692120753657,700,4,True,0.7235223567491524,0.4,0
txn_000879,337.86913494771284,0,False,2,14,2.035568429068746,395,7,True,0.18805714371553095,0.55,1
txn_000880,14.49574713492634,18,False,5,4,0.345145157105069,1055,7,True,0.6751494194489744,0.4,0
txn_000881,301.88699013435047,10,True,3,2,2.091566814400407,455,3,True,0.5824014331477887,0.4,0
txn_000882,1852.1555165890798,17,True,3,0,1.5127835538688539,232,5,True,0.8408681144049188,0.7,1
txn_000883,161.88683975975607,8,True,2,1,5.389818010959052,171,7,True,0.9054064648584275,0.7,1
txn_000884,388.3532628501734,13,False,1,5,0.835458388489835,166,0,True,0.5881036318885304,0.1,0
txn_000885,338.2192624814168,1,False,4,2,3.979203911721169,79,4,True,0.013980791839511841,0.3,0
txn_000886,412.1176082241972,3,False,5,6,3.7742004370249065,502,0,False,0.6441780901693773,0.35,0
txn_000887,250.81253034834546,12,False,3,2,3.7112525367175486,219,0,True,0.2505015968847033,0.0,0
txn_000888,372.34695695445055,6,True,3,8,4.487598213928537,184,4,True,0.708975145939339,0.7000000000000001,1
txn_000889,363.26810213699946,17,False,3,1,7.309771559874174,345,3,True,0.9421466030661954,0.30000000000000004,0
txn_000890,492.8483439055094,3,False,3,5,1.3667964790334064,578,1,True,0.18820937645434543,0.0,0
txn_000891,247.42544820091183,1,False,2,1,7.064128854292285,59,7,True,0.6496631634695276,0.4,0
txn_000892,211.8420876681397,14,False,3,3,4.337338987420593,929,2,True,0.08051500979931048,0.1,0
txn_000893,142.711190770598,21,False,3,3,2.2909853517176217,604,3,True,0.3501001382111898,0.1,0
txn_000894,131.014735505404,3,False,5,14,1.2081184769198856,13,7,True,0.38959524843862814,0.7000000000000001,1
txn_000895,450.1538019039622,1,False,5,6,6.935007423884564,383,3,True,0.8473423257683692,0.4,0
txn_000896,280.8483982852118,1,True,1,10,6.104372927091721,988,7,True,0.6822871217636975,0.7000000000000001,1
txn_000897,380.11758756272565,16,False,5,1,2.3764399007477848,1042,2,True,0.41950074021133854,0.1,0
txn_000898,61.09610133745766,20,False,4,7,2.832026693906866,213,2,True,0.6630288804436608,0.30000000000000004,0
txn_000899,3872.387774305357,7,False,4,3,5.959823459162474,997,3,True,0.9482686497881705,0.30000000000000004,0
txn_000900,481.51165402169886,19,False,5,0,1.69497884344983,685,4,True,0.3175581396196847,0.3,0
txn_000901,12.143102759479966,17,False,5,3,4.579203876270869,1021,0,True,0.22512193706714245,0.0,0
txn_000902,56.02073001235705,14,False,4,3,5.28276236896156,290,3,True,0.11819681051498543,0.1,0
txn_000903,228.45267321512281,14,True,1,10,5.191376405241079,714,3,True,0.7585955340748853,0.5,0
txn_000904,495.6599591341371,13,False,2,12,5.120315822817257,829,5,False,0.7924877273700713,0.8,1
txn_000905,27.996812563898626,2,False,1,9,2.531256948108712,620,3,True,0.9541135587405383,0.4,0
txn_000906,209.74710578276145,17,True,1,11,4.075422600887211,366,1,True,0.424390570352673,0.45,0
txn_000907,2338.9690885483133,18,False,5,1,5.972747889014079,31,4,True,0.8427654361503011,0.5,0
txn_000908,26.039826896067137,17,False,2,1,5.783951015825135,457,0,True,0.3877415283268735,0.0,0
txn_000909,155.85525943152464,2,False,5,1,5.048287781612436,1043,3,True,0.05097206881888994,0.1,0
txn_000910,4868.591671727024,11,False,4,1,7.855158634446255,399,4,True,0.9228731744878906,0.5,0
txn_000911,360.62912138180536,14,False,3,1,2.202584580744878,240,2,True,0.1290736653068295,0.1,0
txn_000912,324.7401770558912,21,False,1,13,2.5022701452428096,904,2,True,0.821291784819328,0.55,1
txn_000913,475.3822994092988,0,False,2,6,1.9675912757296057,854,4,True,0.4593452030587438,0.4,0
txn_000914,227.84464247738197,7,False,3,9,3.1382119635957237,942,1,True,0.7529994754336213,0.2,0
txn_000915,19.701377757897053,4,True,3,8,4.537140361849535,526,1,False,0.9855630737665182,0.6500000000000001,1
txn_000916,169.7389800824453,1,True,4,6,0.6404428313406504,126,6,True,0.7744285819098411,0.7000000000000001,1
txn_000917,36.59150165889405,11,False,5,14,2.071222674930603,27,3,True,0.871597150951561,0.7000000000000001,1
txn_000918,316.7617905282011,17,False,1,9,2.9781643804116733,134,7,True,0.22091320279659976,0.4,0
txn_000919,106.32404128005695,11,True,2,0,1.5722853243510866,871,6,True,0.9402836472957625,0.7,1
txn_000920,579.3413402031111,6,False,2,3,6.875128759071903,588,4,False,0.6126612471519991,0.5499999999999999,1
txn_000921,79.91358292578191,9,False,2,14,7.12469183784111,525,6,True,0.6498760292315197,0.65,1
txn_000922,281.25988839956807,14,False,4,8,7.068199084031129,228,1,True,0.2340926361660719,0.1,0
txn_000923,486.83438029718263,21,True,5,7,3.2327132970915593,198,4,True,0.5285958184711939,0.7000000000000001,1
txn_000924,442.1602414778662,6,True,4,0,6.183310593888773,283,5,True,0.9975897174643245,0.7,1
txn_000925,4781.324820695713,20,True,1,10,6.878815595070111,801,5,True,0.9980046078307168,0.8,1
txn_000926,370.3740533209564,3,False,4,1,7.487192672323303,424,4,True,0.7288837076721867,0.4,0
txn_000927,3112.4719484016796,4,True,4,9,7.845646917367662,262,1,True,0.38654266317408115,0.30000000000000004,0
txn_000928,148.38936050791065,20,False,5,14,2.3625329695778703,200,0,False,0.5910707096477058,0.5,0
txn_000929,4869.6310906029485,4,False,2,0,3.5117760779385074,799,2,True,0.8013122648554728,0.30000000000000004,0
txn_000930,103.6121287210947,14,True,4,10,5.451734007125774,1088,4,True,0.35391868745986205,0.6000000000000001,1
txn_000931,412.57829712804875,14,False,4,4,2.650593558938675,162,6,True,0.5817750597777686,0.4,0
txn_000932,2367.3132599113383,0,True,4,12,6.52494528402465,988,2,True,0.8055032631199577,0.75,1
txn_000933,272.0455689622264,17,True,5,1,1.2878747336529999,854,5,False,0.9080390858356722,0.8500000000000001,1
txn_000934,2784.4699840305393,17,False,4,6,6.326337710346497,647,1,False,0.5727679028775595,0.35,0
txn_000935,52.51890820890751,1,False,5,9,5.230395671781216,949,3,True,0.478719899591182,0.2,0
txn_000936,439.34178592994346,9,False,4,12,0.5223792205924648,203,5,True,0.5346667548928824,0.65,1
txn_000937,149.2706668123958,4,False,5,14,3.9854965396575124,476,1,True,0.1370520377520581,0.25,0
txn_000938,429.30725122945296,18,True,2,3,5.391409949419462,344,0,True,0.6108453161759764,0.30000000000000004,0
txn_000939,389.65676321270433,6,False,5,9,1.8360006413620302,592,3,True,0.16293643896904608,0.2,0
txn_000940,125.23341717105977,23,True,4,7,7.1585081027267226,891,1,True,0.6232589756927994,0.4,0
txn_000941,286.71701419550743,11,False,1,4,6.9423114879797945,1075,6,True,0.3363266123304779,0.3,0
txn_000942,312.4400471847842,3,False,1,0,7.127485404565851,474,4,True,0.09809436624098145,0.3,0
txn_000943,2033.9857601113304,8,False,1,7,5.855943791973448,561,7,True,0.29862843706788267,0.4,0
txn_000944,339.39818476431066,19,False,3,1,1.3285577876686427,109,3,True,0.2396521330160949,0.1,0
txn_000945,41661.40307540069,7,False,2,7,2.811231007702559,367,5,True,0.6125198353568693,0.7999999999999999,1
txn_000946,192.4814605670762,11,False,2,7,0.10789203890884708,125,7,True,0.3145024755542828,0.4,0
txn_000947,161.9745840277479,0,False,2,6,0.14850728505111221,406,3,True,0.18802523777072822,0.2,0
txn_000948,614.6574510933794,14,False,4,14,5.929789265438231,232,3,True,0.29146702409733705,0.35,0
txn_000949,4057.2156031174877,19,False,5,14,0.4958455365257505,163,5,True,0.7512301889080821,0.65,1
txn_000950,117.34274271120374,19,False,3,2,1.6249856814931367,136,1,True,0.6104755113536787,0.1,0
txn_000951,443.9435564764193,10,False,5,3,3.6128730196258587,870,4,True,0.6600660016334998,0.4,0
txn_000952,22806.641949796343,16,True,2,4,3.887432489490723,994,6,True,0.7243627065632184,0.9,1
txn_000953,489.1993940077072,0,True,4,3,1.6250060562208426,1034,1,True,0.8032368707276476,0.4,0
txn_000954,378.02453463552513,7,True,3,14,6.682511185503664,660,5,True,0.8264310358178388,0.95,1
txn_000955,90.46813685518967,23,False,1,12,6.697245287026413,194,6,True,0.20448195025057958,0.55,1
txn_000956,277.54330825145786,23,False,5,14,5.415656887600422,139,4,True,0.1621418788898954,0.55,1
txn_000957,141.9355294735009,20,True,1,4,4.886238450232777,261,1,True,0.6199107584907371,0.30000000000000004,0
txn_000958,2806.351876537893,14,False,5,11,7.381790855685358,903,5,True,0.9111695845150212,0.75,1
txn_000959,209.41637550643483,10,False,2,13,7.846977988657722,603,7,True,0.3052290446498356,0.55,1
txn_000960,439.7451216496515,22,False,1,10,0.9863686593174563,738,0,True,0.4311844071921811,0.1,0
txn_000961,495.4475273853349,11,False,3,3,5.681874087964943,48,7,False,0.07558509240544731,0.44999999999999996,0
txn_000962,304.5375600725296,5,False,4,13,1.4469304221243646,740,5,True,0.2900974467614731,0.55,1
txn_000963,11.613682143303569,5,False,4,1,1.0235632350597288,880,0,False,0.6833195755127026,0.25,0
txn_000964,179.01811861247157,2,False,3,3,0.60294033260396,497,5,False,0.9455347859740725,0.6499999999999999,1
txn_000965,346.673351330815,22,False,3,5,2.760061118512751,678,4,True,0.18182216131489792,0.3,0
txn_000966,416.32300844302034,13,False,4,10,3.1670969268935045,100,6,False,0.7496685021052901,0.65,1
txn_000967,234.075235977715,6,False,5,9,4.360456284290664,1045,3,True,0.43663132089416024,0.2,0
txn_000968,353.1928540212959,8,True,4,6,4.038356380756544,529,0,True,0.5750246070818253,0.4,0
txn_000969,268.9724338682826,0,False,1,12,3.248650763572809,960,7,True,0.8396051592349743,0.75,1
txn_000970,65.23796074346922,9,False,1,2,5.122320548216626,196,6,True,0.05247768082940385,0.3,0
txn_000971,491.91167084188965,13,False,4,11,3.011789031516828,702,4,True,0.34178810548122596,0.55,1
txn_000972,154.93537145016217,9,False,2,4,0.5435885867936915,263,7,True,0.4260852636727043,0.3,0
txn_000973,4326.389643116035,1,False,3,12,7.249610172355426,483,0,True,0.5722693523417774,0.35,0
txn_000974,347.6464237334268,21,False,1,3,7.198807125221261,1019,6,True,0.16753048830427653,0.3,0
txn_000975,267.1510267227658,17,False,3,12,6.017163628562978,51,2,True,0.21899770905456228,0.35,0
txn_000976,376.03028720797784,16,False,1,4,6.193903490889799,1084,0,True,0.6083685906962358,0.1,0
txn_000977,106.05430883471877,23,False,5,14,2.0696106715087605,211,6,True,0.9303314331964551,0.75,1
txn_000978,404.73628208037746,0,False,4,8,4.132197040880349,38,3,True,0.9365694249033396,0.4,0
txn_000979,270.58592433094697,6,False,1,13,4.395942500445989,395,4,True,0.048719171515747894,0.55,1
txn_000980,205.57826122785238,6,False,3,2,4.5917992274509825,485,3,True,0.21713192793843183,0.1,0
txn_000981,223.66784695375483,13,True,5,1,4.706432673365882,765,6,True,0.40020683599431817,0.5,0
txn_000982,293.70456883935816,14,False,2,9,5.895788115574276,138,3,True,0.9945655682085767,0.4,0
txn_000983,366.0196470806189,17,True,3,3,6.742586158221278,138,6,True,0.8477930900130304,0.7,1
txn_000984,113.39648220380666,23,True,3,5,3.9981894344442708,331,7,False,0.8115962412298265,0.8500000000000001,1
txn_000985,305.8623763259726,14,False,2,14,2.2321877974906474,1015,2,True,0.015216529690977199,0.35,0
txn_000986,58.17261551624636,11,False,4,7,5.066186602994254,412,2,True,0.10656288374105172,0.2,0
txn_000987,40.48912073563294,22,False,2,6,2.7681059903042793,12,3,True,0.32105328537998534,0.35,0
txn_000988,1667.1479093486757,18,True,1,12,2.771910485741794,896,2,True,0.738276351603575,0.65,1
txn_000989,37.535518999295896,1,True,4,3,2.170541787721634,894,4,True,0.7542018658853505,0.6,1
txn_000990,400.7357859315247,11,False,1,13,2.932773089644603,426,7,True,0.5753817036099419,0.65,1
txn_000991,2461.2783752054875,3,False,5,3,1.928195037010618,405,3,True,0.44046793097857073,0.1,0
txn_000992,76.30160731694247,16,False,1,11,4.1405650021873885,523,4,True,0.6913463413275371,0.65,1
txn_000993,30.992101747234116,19,True,3,5,5.9319293537687035,392,4,False,0.8706012181980489,0.8500000000000001,1
txn_000994,435.80970989638337,16,False,2,12,0.6538673625220556,588,0,False,0.4675402622668692,0.4,0
txn_000995,2028.065327623636,8,False,4,10,3.454433700214952,421,3,True,0.8075571414777902,0.4,0
txn_000996,424.93180439923304,0,False,1,2,7.831470777088537,366,3,True,0.9971756840497129,0.30000000000000004,0
txn_000997,420.622487216096,22,False,1,10,6.200187905829716,235,2,True,0.23034415563211452,0.2,0
txn_000998,26.102735639618516,13,True,5,7,6.372629539718651,872,2,False,0.5990715103352405,0.65,1
txn_000999,166.71960241306388,13,False,3,13,4.042548679395089,392,1,True,0.10747140396868127,0.25,0
